policy,policy_seed,world_id,signal,net_economic_value,cumulative_reward,credit_loss,defaulted,final_balance,final_limit,increases,decreases,reversals
PPO,101,macro_early,identity,0.0,0.0,0.0,0.0,0.0,0.0,0.0,0.0,0.0
PPO,101,macro_late,identity,0.0,0.0,0.0,0.0,0.0,0.0,0.0,0.0,0.0
PPO,101,macro_prolonged,identity,0.0,0.0,0.0,0.0,0.0,0.0,0.0,0.0,0.0
PPO,101,macro_slow_recovery,identity,0.0,0.0,0.0,0.0,0.0,0.0,0.0,0.0,0.0
PPO,101,macro_unexpected,identity,0.0,0.0,0.0,0.0,0.0,0.0,0.0,0.0,0.0
PPO,101,macro_unexpected,pd_flat,0.0,0.0,0.0,0.0,0.0,0.0,0.0,0.0,0.0
PPO,101,macro_unexpected,pd_lag,0.0,0.0,0.0,0.0,0.0,0.0,0.0,0.0,0.0
PPO,101,macro_unexpected,pd_noise_high,0.0,0.0,0.0,0.0,0.0,0.0,0.0,0.0,0.0
PPO,101,macro_unexpected,pd_noise_low,0.0,0.0,0.0,0.0,0.0,0.0,0.0,0.0,0.0
PPO,101,macro_unexpected,pd_over,0.0,0.0,0.0,0.0,0.0,0.0,0.0,0.0,0.0
PPO,101,macro_unexpected,pd_steep,0.0,0.0,0.0,0.0,0.0,0.0,0.0,0.0,0.0
PPO,101,macro_unexpected,pd_under,0.0,0.0,0.0,0.0,0.0,0.0,0.0,0.0,0.0
PPO,101,macro_unexpected,reporting_error,0.0,0.0,0.0,0.0,0.0,0.0,0.0,0.0,0.0
PPO,101,nominal,identity,0.0,0.0,0.0,0.0,0.0,0.0,0.0,0.0,0.0
PPO,101,nominal,pd_flat,0.0,0.0,0.0,0.0,0.0,0.0,0.0,0.0,0.0
PPO,101,nominal,pd_lag,0.0,0.0,0.0,0.0,0.0,0.0,0.0,0.0,0.0
PPO,101,nominal,pd_noise_high,0.0,0.0,0.0,0.0,0.0,0.0,0.0,0.0,0.0
PPO,101,nominal,pd_noise_low,0.0,0.0,0.0,0.0,0.0,0.0,0.0,0.0,0.0
PPO,101,nominal,pd_over,0.0,0.0,0.0,0.0,0.0,0.0,0.0,0.0,0.0
PPO,101,nominal,pd_steep,0.0,0.0,0.0,0.0,0.0,0.0,0.0,0.0,0.0
PPO,101,nominal,pd_under,0.0,0.0,0.0,0.0,0.0,0.0,0.0,0.0,0.0
PPO,101,nominal,reporting_error,0.0,0.0,0.0,0.0,0.0,0.0,0.0,0.0,0.0
PPO,101,oat_default_debt_to_income_high,identity,0.0,0.0,0.0,0.0,0.0,0.0,0.0,0.0,0.0
PPO,101,oat_default_debt_to_income_low,identity,0.0,0.0,0.0,0.0,0.0,0.0,0.0,0.0,0.0
PPO,101,oat_default_intercept_high,identity,0.0,0.0,0.0,0.0,0.0,0.0,0.0,0.0,0.0
PPO,101,oat_default_intercept_low,identity,0.0,0.0,0.0,0.0,0.0,0.0,0.0,0.0,0.0
PPO,101,oat_default_months_delinquent_high,identity,0.0,0.0,0.0,0.0,0.0,0.0,0.0,0.0,0.0
PPO,101,oat_default_months_delinquent_low,identity,0.0,0.0,0.0,0.0,0.0,0.0,0.0,0.0,0.0
PPO,101,oat_default_stress_high,identity,0.0,0.0,0.0,0.0,0.0,0.0,0.0,0.0,0.0
PPO,101,oat_default_stress_low,identity,0.0,0.0,0.0,0.0,0.0,0.0,0.0,0.0,0.0
PPO,101,oat_default_utilization_high,identity,0.0,0.0,0.0,0.0,0.0,0.0,0.0,0.0,0.0
PPO,101,oat_default_utilization_low,identity,0.0,0.0,0.0,0.0,0.0,0.0,0.0,0.0,0.0
PPO,101,oat_dynamics_income_sigma_high,identity,0.0,0.0,0.0,0.0,0.0,0.0,0.0,0.0,0.0
PPO,101,oat_dynamics_income_sigma_low,identity,0.0,0.0,0.0,0.0,0.0,0.0,0.0,0.0,0.0
PPO,101,oat_dynamics_missed_delinquency_high,identity,0.0,0.0,0.0,0.0,0.0,0.0,0.0,0.0,0.0
PPO,101,oat_dynamics_missed_delinquency_low,identity,0.0,0.0,0.0,0.0,0.0,0.0,0.0,0.0,0.0
PPO,101,oat_dynamics_payment_income_cap_high,identity,0.0,0.0,0.0,0.0,0.0,0.0,0.0,0.0,0.0
PPO,101,oat_dynamics_payment_income_cap_low,identity,0.0,0.0,0.0,0.0,0.0,0.0,0.0,0.0,0.0
PPO,101,oat_dynamics_payment_persistence_high,identity,0.0,0.0,0.0,0.0,0.0,0.0,0.0,0.0,0.0
PPO,101,oat_dynamics_payment_persistence_low,identity,0.0,0.0,0.0,0.0,0.0,0.0,0.0,0.0,0.0
PPO,101,oat_dynamics_spend_limit_elasticity_high,identity,0.0,0.0,0.0,0.0,0.0,0.0,0.0,0.0,0.0
PPO,101,oat_dynamics_spend_limit_elasticity_low,identity,0.0,0.0,0.0,0.0,0.0,0.0,0.0,0.0,0.0
PPO,101,oat_reference,identity,0.0,0.0,0.0,0.0,0.0,0.0,0.0,0.0,0.0
PPO,101,random_000,identity,0.0,0.0,0.0,0.0,0.0,0.0,0.0,0.0,0.0
PPO,101,random_000,pd_flat,0.0,0.0,0.0,0.0,0.0,0.0,0.0,0.0,0.0
PPO,101,random_000,pd_lag,0.0,0.0,0.0,0.0,0.0,0.0,0.0,0.0,0.0
PPO,101,random_000,pd_noise_high,0.0,0.0,0.0,0.0,0.0,0.0,0.0,0.0,0.0
PPO,101,random_000,pd_noise_low,0.0,0.0,0.0,0.0,0.0,0.0,0.0,0.0,0.0
PPO,101,random_000,pd_over,0.0,0.0,0.0,0.0,0.0,0.0,0.0,0.0,0.0
PPO,101,random_000,pd_steep,0.0,0.0,0.0,0.0,0.0,0.0,0.0,0.0,0.0
PPO,101,random_000,pd_under,0.0,0.0,0.0,0.0,0.0,0.0,0.0,0.0,0.0
PPO,101,random_000,reporting_error,0.0,0.0,0.0,0.0,0.0,0.0,0.0,0.0,0.0
PPO,101,random_001,identity,0.0,0.0,0.0,0.0,0.0,0.0,0.0,0.0,0.0
PPO,101,random_002,identity,0.0,0.0,0.0,0.0,0.0,0.0,0.0,0.0,0.0
PPO,101,random_003,identity,0.0,0.0,0.0,0.0,0.0,0.0,0.0,0.0,0.0
PPO,101,random_004,identity,0.0,0.0,0.0,0.0,0.0,0.0,0.0,0.0,0.0
PPO,101,random_005,identity,0.0,0.0,0.0,0.0,0.0,0.0,0.0,0.0,0.0
PPO,101,random_006,identity,0.0,0.0,0.0,0.0,0.0,0.0,0.0,0.0,0.0
PPO,101,random_007,identity,0.0,0.0,0.0,0.0,0.0,0.0,0.0,0.0,0.0
PPO,101,random_008,identity,0.0,0.0,0.0,0.0,0.0,0.0,0.0,0.0,0.0
PPO,101,random_009,identity,0.0,0.0,0.0,0.0,0.0,0.0,0.0,0.0,0.0
PPO,101,random_010,identity,0.0,0.0,0.0,0.0,0.0,0.0,0.0,0.0,0.0
PPO,101,random_011,identity,0.0,0.0,0.0,0.0,0.0,0.0,0.0,0.0,0.0
PPO,101,random_012,identity,0.0,0.0,0.0,0.0,0.0,0.0,0.0,0.0,0.0
PPO,101,random_013,identity,0.0,0.0,0.0,0.0,0.0,0.0,0.0,0.0,0.0
PPO,101,random_014,identity,0.0,0.0,0.0,0.0,0.0,0.0,0.0,0.0,0.0
PPO,101,random_015,identity,0.0,0.0,0.0,0.0,0.0,0.0,0.0,0.0,0.0
PPO,101,random_016,identity,0.0,0.0,0.0,0.0,0.0,0.0,0.0,0.0,0.0
PPO,101,random_017,identity,0.0,0.0,0.0,0.0,0.0,0.0,0.0,0.0,0.0
PPO,101,random_018,identity,0.0,0.0,0.0,0.0,0.0,0.0,0.0,0.0,0.0
PPO,101,random_019,identity,0.0,0.0,0.0,0.0,0.0,0.0,0.0,0.0,0.0
PPO,101,random_020,identity,0.0,0.0,0.0,0.0,0.0,0.0,0.0,0.0,0.0
PPO,101,random_021,identity,0.0,0.0,0.0,0.0,0.0,0.0,0.0,0.0,0.0
PPO,101,random_022,identity,0.0,0.0,0.0,0.0,0.0,0.0,0.0,0.0,0.0
PPO,101,random_023,identity,0.0,0.0,0.0,0.0,0.0,0.0,0.0,0.0,0.0
PPO,101,random_024,identity,0.0,0.0,0.0,0.0,0.0,0.0,0.0,0.0,0.0
PPO,101,random_025,identity,0.0,0.0,0.0,0.0,0.0,0.0,0.0,0.0,0.0
PPO,101,random_026,identity,0.0,0.0,0.0,0.0,0.0,0.0,0.0,0.0,0.0
PPO,101,random_027,identity,0.0,0.0,0.0,0.0,0.0,0.0,0.0,0.0,0.0
PPO,101,random_028,identity,0.0,0.0,0.0,0.0,0.0,0.0,0.0,0.0,0.0
PPO,101,random_029,identity,0.0,0.0,0.0,0.0,0.0,0.0,0.0,0.0,0.0
PPO,101,random_030,identity,0.0,0.0,0.0,0.0,0.0,0.0,0.0,0.0,0.0
PPO,101,random_031,identity,0.0,0.0,0.0,0.0,0.0,0.0,0.0,0.0,0.0
PPO,202,macro_early,identity,0.0,0.0,0.0,0.0,0.0,0.0,0.0,0.0,0.0
PPO,202,macro_late,identity,0.0,0.0,0.0,0.0,0.0,0.0,0.0,0.0,0.0
PPO,202,macro_prolonged,identity,0.0,0.0,0.0,0.0,0.0,0.0,0.0,0.0,0.0
PPO,202,macro_slow_recovery,identity,0.0,0.0,0.0,0.0,0.0,0.0,0.0,0.0,0.0
PPO,202,macro_unexpected,identity,0.0,0.0,0.0,0.0,0.0,0.0,0.0,0.0,0.0
PPO,202,macro_unexpected,pd_flat,0.0,0.0,0.0,0.0,0.0,0.0,0.0,0.0,0.0
PPO,202,macro_unexpected,pd_lag,0.0,0.0,0.0,0.0,0.0,0.0,0.0,0.0,0.0
PPO,202,macro_unexpected,pd_noise_high,0.0,0.0,0.0,0.0,0.0,0.0,0.0,0.0,0.0
PPO,202,macro_unexpected,pd_noise_low,0.0,0.0,0.0,0.0,0.0,0.0,0.0,0.0,0.0
PPO,202,macro_unexpected,pd_over,0.0,0.0,0.0,0.0,0.0,0.0,0.0,0.0,0.0
PPO,202,macro_unexpected,pd_steep,0.0,0.0,0.0,0.0,0.0,0.0,0.0,0.0,0.0
PPO,202,macro_unexpected,pd_under,0.0,0.0,0.0,0.0,0.0,0.0,0.0,0.0,0.0
PPO,202,macro_unexpected,reporting_error,0.0,0.0,0.0,0.0,0.0,0.0,0.0,0.0,0.0
PPO,202,nominal,identity,0.0,0.0,0.0,0.0,0.0,0.0,0.0,0.0,0.0
PPO,202,nominal,pd_flat,0.0,0.0,0.0,0.0,0.0,0.0,0.0,0.0,0.0
PPO,202,nominal,pd_lag,0.0,0.0,0.0,0.0,0.0,0.0,0.0,0.0,0.0
PPO,202,nominal,pd_noise_high,0.0,0.0,0.0,0.0,0.0,0.0,0.0,0.0,0.0
PPO,202,nominal,pd_noise_low,0.0,0.0,0.0,0.0,0.0,0.0,0.0,0.0,0.0
PPO,202,nominal,pd_over,0.0,0.0,0.0,0.0,0.0,0.0,0.0,0.0,0.0
PPO,202,nominal,pd_steep,0.0,0.0,0.0,0.0,0.0,0.0,0.0,0.0,0.0
PPO,202,nominal,pd_under,0.0,0.0,0.0,0.0,0.0,0.0,0.0,0.0,0.0
PPO,202,nominal,reporting_error,0.0,0.0,0.0,0.0,0.0,0.0,0.0,0.0,0.0
PPO,202,oat_default_debt_to_income_high,identity,0.0,0.0,0.0,0.0,0.0,0.0,0.0,0.0,0.0
PPO,202,oat_default_debt_to_income_low,identity,0.0,0.0,0.0,0.0,0.0,0.0,0.0,0.0,0.0
PPO,202,oat_default_intercept_high,identity,0.0,0.0,0.0,0.0,0.0,0.0,0.0,0.0,0.0
PPO,202,oat_default_intercept_low,identity,0.0,0.0,0.0,0.0,0.0,0.0,0.0,0.0,0.0
PPO,202,oat_default_months_delinquent_high,identity,0.0,0.0,0.0,0.0,0.0,0.0,0.0,0.0,0.0
PPO,202,oat_default_months_delinquent_low,identity,0.0,0.0,0.0,0.0,0.0,0.0,0.0,0.0,0.0
PPO,202,oat_default_stress_high,identity,0.0,0.0,0.0,0.0,0.0,0.0,0.0,0.0,0.0
PPO,202,oat_default_stress_low,identity,0.0,0.0,0.0,0.0,0.0,0.0,0.0,0.0,0.0
PPO,202,oat_default_utilization_high,identity,0.0,0.0,0.0,0.0,0.0,0.0,0.0,0.0,0.0
PPO,202,oat_default_utilization_low,identity,0.0,0.0,0.0,0.0,0.0,0.0,0.0,0.0,0.0
PPO,202,oat_dynamics_income_sigma_high,identity,0.0,0.0,0.0,0.0,0.0,0.0,0.0,0.0,0.0
PPO,202,oat_dynamics_income_sigma_low,identity,0.0,0.0,0.0,0.0,0.0,0.0,0.0,0.0,0.0
PPO,202,oat_dynamics_missed_delinquency_high,identity,0.0,0.0,0.0,0.0,0.0,0.0,0.0,0.0,0.0
PPO,202,oat_dynamics_missed_delinquency_low,identity,0.0,0.0,0.0,0.0,0.0,0.0,0.0,0.0,0.0
PPO,202,oat_dynamics_payment_income_cap_high,identity,0.0,0.0,0.0,0.0,0.0,0.0,0.0,0.0,0.0
PPO,202,oat_dynamics_payment_income_cap_low,identity,0.0,0.0,0.0,0.0,0.0,0.0,0.0,0.0,0.0
PPO,202,oat_dynamics_payment_persistence_high,identity,0.0,0.0,0.0,0.0,0.0,0.0,0.0,0.0,0.0
PPO,202,oat_dynamics_payment_persistence_low,identity,0.0,0.0,0.0,0.0,0.0,0.0,0.0,0.0,0.0
PPO,202,oat_dynamics_spend_limit_elasticity_high,identity,0.0,0.0,0.0,0.0,0.0,0.0,0.0,0.0,0.0
PPO,202,oat_dynamics_spend_limit_elasticity_low,identity,0.0,0.0,0.0,0.0,0.0,0.0,0.0,0.0,0.0
PPO,202,oat_reference,identity,0.0,0.0,0.0,0.0,0.0,0.0,0.0,0.0,0.0
PPO,202,random_000,identity,0.0,0.0,0.0,0.0,0.0,0.0,0.0,0.0,0.0
PPO,202,random_000,pd_flat,0.0,0.0,0.0,0.0,0.0,0.0,0.0,0.0,0.0
PPO,202,random_000,pd_lag,0.0,0.0,0.0,0.0,0.0,0.0,0.0,0.0,0.0
PPO,202,random_000,pd_noise_high,0.0,0.0,0.0,0.0,0.0,0.0,0.0,0.0,0.0
PPO,202,random_000,pd_noise_low,0.0,0.0,0.0,0.0,0.0,0.0,0.0,0.0,0.0
PPO,202,random_000,pd_over,0.0,0.0,0.0,0.0,0.0,0.0,0.0,0.0,0.0
PPO,202,random_000,pd_steep,0.0,0.0,0.0,0.0,0.0,0.0,0.0,0.0,0.0
PPO,202,random_000,pd_under,0.0,0.0,0.0,0.0,0.0,0.0,0.0,0.0,0.0
PPO,202,random_000,reporting_error,0.0,0.0,0.0,0.0,0.0,0.0,0.0,0.0,0.0
PPO,202,random_001,identity,0.0,0.0,0.0,0.0,0.0,0.0,0.0,0.0,0.0
PPO,202,random_002,identity,0.0,0.0,0.0,0.0,0.0,0.0,0.0,0.0,0.0
PPO,202,random_003,identity,0.0,0.0,0.0,0.0,0.0,0.0,0.0,0.0,0.0
PPO,202,random_004,identity,0.0,0.0,0.0,0.0,0.0,0.0,0.0,0.0,0.0
PPO,202,random_005,identity,0.0,0.0,0.0,0.0,0.0,0.0,0.0,0.0,0.0
PPO,202,random_006,identity,0.0,0.0,0.0,0.0,0.0,0.0,0.0,0.0,0.0
PPO,202,random_007,identity,0.0,0.0,0.0,0.0,0.0,0.0,0.0,0.0,0.0
PPO,202,random_008,identity,0.0,0.0,0.0,0.0,0.0,0.0,0.0,0.0,0.0
PPO,202,random_009,identity,0.0,0.0,0.0,0.0,0.0,0.0,0.0,0.0,0.0
PPO,202,random_010,identity,0.0,0.0,0.0,0.0,0.0,0.0,0.0,0.0,0.0
PPO,202,random_011,identity,0.0,0.0,0.0,0.0,0.0,0.0,0.0,0.0,0.0
PPO,202,random_012,identity,0.0,0.0,0.0,0.0,0.0,0.0,0.0,0.0,0.0
PPO,202,random_013,identity,0.0,0.0,0.0,0.0,0.0,0.0,0.0,0.0,0.0
PPO,202,random_014,identity,0.0,0.0,0.0,0.0,0.0,0.0,0.0,0.0,0.0
PPO,202,random_015,identity,0.0,0.0,0.0,0.0,0.0,0.0,0.0,0.0,0.0
PPO,202,random_016,identity,0.0,0.0,0.0,0.0,0.0,0.0,0.0,0.0,0.0
PPO,202,random_017,identity,0.0,0.0,0.0,0.0,0.0,0.0,0.0,0.0,0.0
PPO,202,random_018,identity,0.0,0.0,0.0,0.0,0.0,0.0,0.0,0.0,0.0
PPO,202,random_019,identity,0.0,0.0,0.0,0.0,0.0,0.0,0.0,0.0,0.0
PPO,202,random_020,identity,0.0,0.0,0.0,0.0,0.0,0.0,0.0,0.0,0.0
PPO,202,random_021,identity,0.0,0.0,0.0,0.0,0.0,0.0,0.0,0.0,0.0
PPO,202,random_022,identity,0.0,0.0,0.0,0.0,0.0,0.0,0.0,0.0,0.0
PPO,202,random_023,identity,0.0,0.0,0.0,0.0,0.0,0.0,0.0,0.0,0.0
PPO,202,random_024,identity,0.0,0.0,0.0,0.0,0.0,0.0,0.0,0.0,0.0
PPO,202,random_025,identity,0.0,0.0,0.0,0.0,0.0,0.0,0.0,0.0,0.0
PPO,202,random_026,identity,0.0,0.0,0.0,0.0,0.0,0.0,0.0,0.0,0.0
PPO,202,random_027,identity,0.0,0.0,0.0,0.0,0.0,0.0,0.0,0.0,0.0
PPO,202,random_028,identity,0.0,0.0,0.0,0.0,0.0,0.0,0.0,0.0,0.0
PPO,202,random_029,identity,0.0,0.0,0.0,0.0,0.0,0.0,0.0,0.0,0.0
PPO,202,random_030,identity,0.0,0.0,0.0,0.0,0.0,0.0,0.0,0.0,0.0
PPO,202,random_031,identity,0.0,0.0,0.0,0.0,0.0,0.0,0.0,0.0,0.0
PPO,303,macro_early,identity,0.0,0.0,0.0,0.0,0.0,0.0,0.0,0.0,0.0
PPO,303,macro_late,identity,0.0,0.0,0.0,0.0,0.0,0.0,0.0,0.0,0.0
PPO,303,macro_prolonged,identity,0.0,0.0,0.0,0.0,0.0,0.0,0.0,0.0,0.0
PPO,303,macro_slow_recovery,identity,0.0,0.0,0.0,0.0,0.0,0.0,0.0,0.0,0.0
PPO,303,macro_unexpected,identity,0.0,0.0,0.0,0.0,0.0,0.0,0.0,0.0,0.0
PPO,303,macro_unexpected,pd_flat,0.0,0.0,0.0,0.0,0.0,0.0,0.0,0.0,0.0
PPO,303,macro_unexpected,pd_lag,0.0,0.0,0.0,0.0,0.0,0.0,0.0,0.0,0.0
PPO,303,macro_unexpected,pd_noise_high,0.0,0.0,0.0,0.0,0.0,0.0,0.0,0.0,0.0
PPO,303,macro_unexpected,pd_noise_low,0.0,0.0,0.0,0.0,0.0,0.0,0.0,0.0,0.0
PPO,303,macro_unexpected,pd_over,0.0,0.0,0.0,0.0,0.0,0.0,0.0,0.0,0.0
PPO,303,macro_unexpected,pd_steep,0.0,0.0,0.0,0.0,0.0,0.0,0.0,0.0,0.0
PPO,303,macro_unexpected,pd_under,0.0,0.0,0.0,0.0,0.0,0.0,0.0,0.0,0.0
PPO,303,macro_unexpected,reporting_error,0.0,0.0,0.0,0.0,0.0,0.0,0.0,0.0,0.0
PPO,303,nominal,identity,0.0,0.0,0.0,0.0,0.0,0.0,0.0,0.0,0.0
PPO,303,nominal,pd_flat,0.0,0.0,0.0,0.0,0.0,0.0,0.0,0.0,0.0
PPO,303,nominal,pd_lag,0.0,0.0,0.0,0.0,0.0,0.0,0.0,0.0,0.0
PPO,303,nominal,pd_noise_high,0.0,0.0,0.0,0.0,0.0,0.0,0.0,0.0,0.0
PPO,303,nominal,pd_noise_low,0.0,0.0,0.0,0.0,0.0,0.0,0.0,0.0,0.0
PPO,303,nominal,pd_over,0.0,0.0,0.0,0.0,0.0,0.0,0.0,0.0,0.0
PPO,303,nominal,pd_steep,0.0,0.0,0.0,0.0,0.0,0.0,0.0,0.0,0.0
PPO,303,nominal,pd_under,0.0,0.0,0.0,0.0,0.0,0.0,0.0,0.0,0.0
PPO,303,nominal,reporting_error,0.0,0.0,0.0,0.0,0.0,0.0,0.0,0.0,0.0
PPO,303,oat_default_debt_to_income_high,identity,0.0,0.0,0.0,0.0,0.0,0.0,0.0,0.0,0.0
PPO,303,oat_default_debt_to_income_low,identity,0.0,0.0,0.0,0.0,0.0,0.0,0.0,0.0,0.0
PPO,303,oat_default_intercept_high,identity,0.0,0.0,0.0,0.0,0.0,0.0,0.0,0.0,0.0
PPO,303,oat_default_intercept_low,identity,0.0,0.0,0.0,0.0,0.0,0.0,0.0,0.0,0.0
PPO,303,oat_default_months_delinquent_high,identity,0.0,0.0,0.0,0.0,0.0,0.0,0.0,0.0,0.0
PPO,303,oat_default_months_delinquent_low,identity,0.0,0.0,0.0,0.0,0.0,0.0,0.0,0.0,0.0
PPO,303,oat_default_stress_high,identity,0.0,0.0,0.0,0.0,0.0,0.0,0.0,0.0,0.0
PPO,303,oat_default_stress_low,identity,0.0,0.0,0.0,0.0,0.0,0.0,0.0,0.0,0.0
PPO,303,oat_default_utilization_high,identity,0.0,0.0,0.0,0.0,0.0,0.0,0.0,0.0,0.0
PPO,303,oat_default_utilization_low,identity,0.0,0.0,0.0,0.0,0.0,0.0,0.0,0.0,0.0
PPO,303,oat_dynamics_income_sigma_high,identity,0.0,0.0,0.0,0.0,0.0,0.0,0.0,0.0,0.0
PPO,303,oat_dynamics_income_sigma_low,identity,0.0,0.0,0.0,0.0,0.0,0.0,0.0,0.0,0.0
PPO,303,oat_dynamics_missed_delinquency_high,identity,0.0,0.0,0.0,0.0,0.0,0.0,0.0,0.0,0.0
PPO,303,oat_dynamics_missed_delinquency_low,identity,0.0,0.0,0.0,0.0,0.0,0.0,0.0,0.0,0.0
PPO,303,oat_dynamics_payment_income_cap_high,identity,0.0,0.0,0.0,0.0,0.0,0.0,0.0,0.0,0.0
PPO,303,oat_dynamics_payment_income_cap_low,identity,0.0,0.0,0.0,0.0,0.0,0.0,0.0,0.0,0.0
PPO,303,oat_dynamics_payment_persistence_high,identity,0.0,0.0,0.0,0.0,0.0,0.0,0.0,0.0,0.0
PPO,303,oat_dynamics_payment_persistence_low,identity,0.0,0.0,0.0,0.0,0.0,0.0,0.0,0.0,0.0
PPO,303,oat_dynamics_spend_limit_elasticity_high,identity,0.0,0.0,0.0,0.0,0.0,0.0,0.0,0.0,0.0
PPO,303,oat_dynamics_spend_limit_elasticity_low,identity,0.0,0.0,0.0,0.0,0.0,0.0,0.0,0.0,0.0
PPO,303,oat_reference,identity,0.0,0.0,0.0,0.0,0.0,0.0,0.0,0.0,0.0
PPO,303,random_000,identity,0.0,0.0,0.0,0.0,0.0,0.0,0.0,0.0,0.0
PPO,303,random_000,pd_flat,0.0,0.0,0.0,0.0,0.0,0.0,0.0,0.0,0.0
PPO,303,random_000,pd_lag,0.0,0.0,0.0,0.0,0.0,0.0,0.0,0.0,0.0
PPO,303,random_000,pd_noise_high,0.0,0.0,0.0,0.0,0.0,0.0,0.0,0.0,0.0
PPO,303,random_000,pd_noise_low,0.0,0.0,0.0,0.0,0.0,0.0,0.0,0.0,0.0
PPO,303,random_000,pd_over,0.0,0.0,0.0,0.0,0.0,0.0,0.0,0.0,0.0
PPO,303,random_000,pd_steep,0.0,0.0,0.0,0.0,0.0,0.0,0.0,0.0,0.0
PPO,303,random_000,pd_under,0.0,0.0,0.0,0.0,0.0,0.0,0.0,0.0,0.0
PPO,303,random_000,reporting_error,0.0,0.0,0.0,0.0,0.0,0.0,0.0,0.0,0.0
PPO,303,random_001,identity,0.0,0.0,0.0,0.0,0.0,0.0,0.0,0.0,0.0
PPO,303,random_002,identity,0.0,0.0,0.0,0.0,0.0,0.0,0.0,0.0,0.0
PPO,303,random_003,identity,0.0,0.0,0.0,0.0,0.0,0.0,0.0,0.0,0.0
PPO,303,random_004,identity,0.0,0.0,0.0,0.0,0.0,0.0,0.0,0.0,0.0
PPO,303,random_005,identity,0.0,0.0,0.0,0.0,0.0,0.0,0.0,0.0,0.0
PPO,303,random_006,identity,0.0,0.0,0.0,0.0,0.0,0.0,0.0,0.0,0.0
PPO,303,random_007,identity,0.0,0.0,0.0,0.0,0.0,0.0,0.0,0.0,0.0
PPO,303,random_008,identity,0.0,0.0,0.0,0.0,0.0,0.0,0.0,0.0,0.0
PPO,303,random_009,identity,0.0,0.0,0.0,0.0,0.0,0.0,0.0,0.0,0.0
PPO,303,random_010,identity,0.0,0.0,0.0,0.0,0.0,0.0,0.0,0.0,0.0
PPO,303,random_011,identity,0.0,0.0,0.0,0.0,0.0,0.0,0.0,0.0,0.0
PPO,303,random_012,identity,0.0,0.0,0.0,0.0,0.0,0.0,0.0,0.0,0.0
PPO,303,random_013,identity,0.0,0.0,0.0,0.0,0.0,0.0,0.0,0.0,0.0
PPO,303,random_014,identity,0.0,0.0,0.0,0.0,0.0,0.0,0.0,0.0,0.0
PPO,303,random_015,identity,0.0,0.0,0.0,0.0,0.0,0.0,0.0,0.0,0.0
PPO,303,random_016,identity,0.0,0.0,0.0,0.0,0.0,0.0,0.0,0.0,0.0
PPO,303,random_017,identity,0.0,0.0,0.0,0.0,0.0,0.0,0.0,0.0,0.0
PPO,303,random_018,identity,0.0,0.0,0.0,0.0,0.0,0.0,0.0,0.0,0.0
PPO,303,random_019,identity,0.0,0.0,0.0,0.0,0.0,0.0,0.0,0.0,0.0
PPO,303,random_020,identity,0.0,0.0,0.0,0.0,0.0,0.0,0.0,0.0,0.0
PPO,303,random_021,identity,0.0,0.0,0.0,0.0,0.0,0.0,0.0,0.0,0.0
PPO,303,random_022,identity,0.0,0.0,0.0,0.0,0.0,0.0,0.0,0.0,0.0
PPO,303,random_023,identity,0.0,0.0,0.0,0.0,0.0,0.0,0.0,0.0,0.0
PPO,303,random_024,identity,0.0,0.0,0.0,0.0,0.0,0.0,0.0,0.0,0.0
PPO,303,random_025,identity,0.0,0.0,0.0,0.0,0.0,0.0,0.0,0.0,0.0
PPO,303,random_026,identity,0.0,0.0,0.0,0.0,0.0,0.0,0.0,0.0,0.0
PPO,303,random_027,identity,0.0,0.0,0.0,0.0,0.0,0.0,0.0,0.0,0.0
PPO,303,random_028,identity,0.0,0.0,0.0,0.0,0.0,0.0,0.0,0.0,0.0
PPO,303,random_029,identity,0.0,0.0,0.0,0.0,0.0,0.0,0.0,0.0,0.0
PPO,303,random_030,identity,0.0,0.0,0.0,0.0,0.0,0.0,0.0,0.0,0.0
PPO,303,random_031,identity,0.0,0.0,0.0,0.0,0.0,0.0,0.0,0.0,0.0
PPO,404,macro_early,identity,0.0,0.0,0.0,0.0,0.0,0.0,0.0,0.0,0.0
PPO,404,macro_late,identity,0.0,0.0,0.0,0.0,0.0,0.0,0.0,0.0,0.0
PPO,404,macro_prolonged,identity,0.0,0.0,0.0,0.0,0.0,0.0,0.0,0.0,0.0
PPO,404,macro_slow_recovery,identity,0.0,0.0,0.0,0.0,0.0,0.0,0.0,0.0,0.0
PPO,404,macro_unexpected,identity,0.0,0.0,0.0,0.0,0.0,0.0,0.0,0.0,0.0
PPO,404,macro_unexpected,pd_flat,0.0,0.0,0.0,0.0,0.0,0.0,0.0,0.0,0.0
PPO,404,macro_unexpected,pd_lag,0.0,0.0,0.0,0.0,0.0,0.0,0.0,0.0,0.0
PPO,404,macro_unexpected,pd_noise_high,0.0,0.0,0.0,0.0,0.0,0.0,0.0,0.0,0.0
PPO,404,macro_unexpected,pd_noise_low,0.0,0.0,0.0,0.0,0.0,0.0,0.0,0.0,0.0
PPO,404,macro_unexpected,pd_over,0.0,0.0,0.0,0.0,0.0,0.0,0.0,0.0,0.0
PPO,404,macro_unexpected,pd_steep,0.0,0.0,0.0,0.0,0.0,0.0,0.0,0.0,0.0
PPO,404,macro_unexpected,pd_under,0.0,0.0,0.0,0.0,0.0,0.0,0.0,0.0,0.0
PPO,404,macro_unexpected,reporting_error,0.0,0.0,0.0,0.0,0.0,0.0,0.0,0.0,0.0
PPO,404,nominal,identity,0.0,0.0,0.0,0.0,0.0,0.0,0.0,0.0,0.0
PPO,404,nominal,pd_flat,0.0,0.0,0.0,0.0,0.0,0.0,0.0,0.0,0.0
PPO,404,nominal,pd_lag,0.0,0.0,0.0,0.0,0.0,0.0,0.0,0.0,0.0
PPO,404,nominal,pd_noise_high,0.0,0.0,0.0,0.0,0.0,0.0,0.0,0.0,0.0
PPO,404,nominal,pd_noise_low,0.0,0.0,0.0,0.0,0.0,0.0,0.0,0.0,0.0
PPO,404,nominal,pd_over,0.0,0.0,0.0,0.0,0.0,0.0,0.0,0.0,0.0
PPO,404,nominal,pd_steep,0.0,0.0,0.0,0.0,0.0,0.0,0.0,0.0,0.0
PPO,404,nominal,pd_under,0.0,0.0,0.0,0.0,0.0,0.0,0.0,0.0,0.0
PPO,404,nominal,reporting_error,0.0,0.0,0.0,0.0,0.0,0.0,0.0,0.0,0.0
PPO,404,oat_default_debt_to_income_high,identity,0.0,0.0,0.0,0.0,0.0,0.0,0.0,0.0,0.0
PPO,404,oat_default_debt_to_income_low,identity,0.0,0.0,0.0,0.0,0.0,0.0,0.0,0.0,0.0
PPO,404,oat_default_intercept_high,identity,0.0,0.0,0.0,0.0,0.0,0.0,0.0,0.0,0.0
PPO,404,oat_default_intercept_low,identity,0.0,0.0,0.0,0.0,0.0,0.0,0.0,0.0,0.0
PPO,404,oat_default_months_delinquent_high,identity,0.0,0.0,0.0,0.0,0.0,0.0,0.0,0.0,0.0
PPO,404,oat_default_months_delinquent_low,identity,0.0,0.0,0.0,0.0,0.0,0.0,0.0,0.0,0.0
PPO,404,oat_default_stress_high,identity,0.0,0.0,0.0,0.0,0.0,0.0,0.0,0.0,0.0
PPO,404,oat_default_stress_low,identity,0.0,0.0,0.0,0.0,0.0,0.0,0.0,0.0,0.0
PPO,404,oat_default_utilization_high,identity,0.0,0.0,0.0,0.0,0.0,0.0,0.0,0.0,0.0
PPO,404,oat_default_utilization_low,identity,0.0,0.0,0.0,0.0,0.0,0.0,0.0,0.0,0.0
PPO,404,oat_dynamics_income_sigma_high,identity,0.0,0.0,0.0,0.0,0.0,0.0,0.0,0.0,0.0
PPO,404,oat_dynamics_income_sigma_low,identity,0.0,0.0,0.0,0.0,0.0,0.0,0.0,0.0,0.0
PPO,404,oat_dynamics_missed_delinquency_high,identity,0.0,0.0,0.0,0.0,0.0,0.0,0.0,0.0,0.0
PPO,404,oat_dynamics_missed_delinquency_low,identity,0.0,0.0,0.0,0.0,0.0,0.0,0.0,0.0,0.0
PPO,404,oat_dynamics_payment_income_cap_high,identity,0.0,0.0,0.0,0.0,0.0,0.0,0.0,0.0,0.0
PPO,404,oat_dynamics_payment_income_cap_low,identity,0.0,0.0,0.0,0.0,0.0,0.0,0.0,0.0,0.0
PPO,404,oat_dynamics_payment_persistence_high,identity,0.0,0.0,0.0,0.0,0.0,0.0,0.0,0.0,0.0
PPO,404,oat_dynamics_payment_persistence_low,identity,0.0,0.0,0.0,0.0,0.0,0.0,0.0,0.0,0.0
PPO,404,oat_dynamics_spend_limit_elasticity_high,identity,0.0,0.0,0.0,0.0,0.0,0.0,0.0,0.0,0.0
PPO,404,oat_dynamics_spend_limit_elasticity_low,identity,0.0,0.0,0.0,0.0,0.0,0.0,0.0,0.0,0.0
PPO,404,oat_reference,identity,0.0,0.0,0.0,0.0,0.0,0.0,0.0,0.0,0.0
PPO,404,random_000,identity,0.0,0.0,0.0,0.0,0.0,0.0,0.0,0.0,0.0
PPO,404,random_000,pd_flat,0.0,0.0,0.0,0.0,0.0,0.0,0.0,0.0,0.0
PPO,404,random_000,pd_lag,0.0,0.0,0.0,0.0,0.0,0.0,0.0,0.0,0.0
PPO,404,random_000,pd_noise_high,0.0,0.0,0.0,0.0,0.0,0.0,0.0,0.0,0.0
PPO,404,random_000,pd_noise_low,0.0,0.0,0.0,0.0,0.0,0.0,0.0,0.0,0.0
PPO,404,random_000,pd_over,0.0,0.0,0.0,0.0,0.0,0.0,0.0,0.0,0.0
PPO,404,random_000,pd_steep,0.0,0.0,0.0,0.0,0.0,0.0,0.0,0.0,0.0
PPO,404,random_000,pd_under,0.0,0.0,0.0,0.0,0.0,0.0,0.0,0.0,0.0
PPO,404,random_000,reporting_error,0.0,0.0,0.0,0.0,0.0,0.0,0.0,0.0,0.0
PPO,404,random_001,identity,0.0,0.0,0.0,0.0,0.0,0.0,0.0,0.0,0.0
PPO,404,random_002,identity,0.0,0.0,0.0,0.0,0.0,0.0,0.0,0.0,0.0
PPO,404,random_003,identity,0.0,0.0,0.0,0.0,0.0,0.0,0.0,0.0,0.0
PPO,404,random_004,identity,0.0,0.0,0.0,0.0,0.0,0.0,0.0,0.0,0.0
PPO,404,random_005,identity,0.0,0.0,0.0,0.0,0.0,0.0,0.0,0.0,0.0
PPO,404,random_006,identity,0.0,0.0,0.0,0.0,0.0,0.0,0.0,0.0,0.0
PPO,404,random_007,identity,0.0,0.0,0.0,0.0,0.0,0.0,0.0,0.0,0.0
PPO,404,random_008,identity,0.0,0.0,0.0,0.0,0.0,0.0,0.0,0.0,0.0
PPO,404,random_009,identity,0.0,0.0,0.0,0.0,0.0,0.0,0.0,0.0,0.0
PPO,404,random_010,identity,0.0,0.0,0.0,0.0,0.0,0.0,0.0,0.0,0.0
PPO,404,random_011,identity,0.0,0.0,0.0,0.0,0.0,0.0,0.0,0.0,0.0
PPO,404,random_012,identity,0.0,0.0,0.0,0.0,0.0,0.0,0.0,0.0,0.0
PPO,404,random_013,identity,0.0,0.0,0.0,0.0,0.0,0.0,0.0,0.0,0.0
PPO,404,random_014,identity,0.0,0.0,0.0,0.0,0.0,0.0,0.0,0.0,0.0
PPO,404,random_015,identity,0.0,0.0,0.0,0.0,0.0,0.0,0.0,0.0,0.0
PPO,404,random_016,identity,0.0,0.0,0.0,0.0,0.0,0.0,0.0,0.0,0.0
PPO,404,random_017,identity,0.0,0.0,0.0,0.0,0.0,0.0,0.0,0.0,0.0
PPO,404,random_018,identity,0.0,0.0,0.0,0.0,0.0,0.0,0.0,0.0,0.0
PPO,404,random_019,identity,0.0,0.0,0.0,0.0,0.0,0.0,0.0,0.0,0.0
PPO,404,random_020,identity,0.0,0.0,0.0,0.0,0.0,0.0,0.0,0.0,0.0
PPO,404,random_021,identity,0.0,0.0,0.0,0.0,0.0,0.0,0.0,0.0,0.0
PPO,404,random_022,identity,0.0,0.0,0.0,0.0,0.0,0.0,0.0,0.0,0.0
PPO,404,random_023,identity,0.0,0.0,0.0,0.0,0.0,0.0,0.0,0.0,0.0
PPO,404,random_024,identity,0.0,0.0,0.0,0.0,0.0,0.0,0.0,0.0,0.0
PPO,404,random_025,identity,0.0,0.0,0.0,0.0,0.0,0.0,0.0,0.0,0.0
PPO,404,random_026,identity,0.0,0.0,0.0,0.0,0.0,0.0,0.0,0.0,0.0
PPO,404,random_027,identity,0.0,0.0,0.0,0.0,0.0,0.0,0.0,0.0,0.0
PPO,404,random_028,identity,0.0,0.0,0.0,0.0,0.0,0.0,0.0,0.0,0.0
PPO,404,random_029,identity,0.0,0.0,0.0,0.0,0.0,0.0,0.0,0.0,0.0
PPO,404,random_030,identity,0.0,0.0,0.0,0.0,0.0,0.0,0.0,0.0,0.0
PPO,404,random_031,identity,0.0,0.0,0.0,0.0,0.0,0.0,0.0,0.0,0.0
PPO,505,macro_early,identity,0.0,0.0,0.0,0.0,0.0,0.0,0.0,0.0,0.0
PPO,505,macro_late,identity,0.0,0.0,0.0,0.0,0.0,0.0,0.0,0.0,0.0
PPO,505,macro_prolonged,identity,0.0,0.0,0.0,0.0,0.0,0.0,0.0,0.0,0.0
PPO,505,macro_slow_recovery,identity,0.0,0.0,0.0,0.0,0.0,0.0,0.0,0.0,0.0
PPO,505,macro_unexpected,identity,0.0,0.0,0.0,0.0,0.0,0.0,0.0,0.0,0.0
PPO,505,macro_unexpected,pd_flat,0.0,0.0,0.0,0.0,0.0,0.0,0.0,0.0,0.0
PPO,505,macro_unexpected,pd_lag,0.0,0.0,0.0,0.0,0.0,0.0,0.0,0.0,0.0
PPO,505,macro_unexpected,pd_noise_high,0.0,0.0,0.0,0.0,0.0,0.0,0.0,0.0,0.0
PPO,505,macro_unexpected,pd_noise_low,0.0,0.0,0.0,0.0,0.0,0.0,0.0,0.0,0.0
PPO,505,macro_unexpected,pd_over,0.0,0.0,0.0,0.0,0.0,0.0,0.0,0.0,0.0
PPO,505,macro_unexpected,pd_steep,0.0,0.0,0.0,0.0,0.0,0.0,0.0,0.0,0.0
PPO,505,macro_unexpected,pd_under,0.0,0.0,0.0,0.0,0.0,0.0,0.0,0.0,0.0
PPO,505,macro_unexpected,reporting_error,0.0,0.0,0.0,0.0,0.0,0.0,0.0,0.0,0.0
PPO,505,nominal,identity,0.0,0.0,0.0,0.0,0.0,0.0,0.0,0.0,0.0
PPO,505,nominal,pd_flat,0.0,0.0,0.0,0.0,0.0,0.0,0.0,0.0,0.0
PPO,505,nominal,pd_lag,0.0,0.0,0.0,0.0,0.0,0.0,0.0,0.0,0.0
PPO,505,nominal,pd_noise_high,0.0,0.0,0.0,0.0,0.0,0.0,0.0,0.0,0.0
PPO,505,nominal,pd_noise_low,0.0,0.0,0.0,0.0,0.0,0.0,0.0,0.0,0.0
PPO,505,nominal,pd_over,0.0,0.0,0.0,0.0,0.0,0.0,0.0,0.0,0.0
PPO,505,nominal,pd_steep,0.0,0.0,0.0,0.0,0.0,0.0,0.0,0.0,0.0
PPO,505,nominal,pd_under,0.0,0.0,0.0,0.0,0.0,0.0,0.0,0.0,0.0
PPO,505,nominal,reporting_error,0.0,0.0,0.0,0.0,0.0,0.0,0.0,0.0,0.0
PPO,505,oat_default_debt_to_income_high,identity,0.0,0.0,0.0,0.0,0.0,0.0,0.0,0.0,0.0
PPO,505,oat_default_debt_to_income_low,identity,0.0,0.0,0.0,0.0,0.0,0.0,0.0,0.0,0.0
PPO,505,oat_default_intercept_high,identity,0.0,0.0,0.0,0.0,0.0,0.0,0.0,0.0,0.0
PPO,505,oat_default_intercept_low,identity,0.0,0.0,0.0,0.0,0.0,0.0,0.0,0.0,0.0
PPO,505,oat_default_months_delinquent_high,identity,0.0,0.0,0.0,0.0,0.0,0.0,0.0,0.0,0.0
PPO,505,oat_default_months_delinquent_low,identity,0.0,0.0,0.0,0.0,0.0,0.0,0.0,0.0,0.0
PPO,505,oat_default_stress_high,identity,0.0,0.0,0.0,0.0,0.0,0.0,0.0,0.0,0.0
PPO,505,oat_default_stress_low,identity,0.0,0.0,0.0,0.0,0.0,0.0,0.0,0.0,0.0
PPO,505,oat_default_utilization_high,identity,0.0,0.0,0.0,0.0,0.0,0.0,0.0,0.0,0.0
PPO,505,oat_default_utilization_low,identity,0.0,0.0,0.0,0.0,0.0,0.0,0.0,0.0,0.0
PPO,505,oat_dynamics_income_sigma_high,identity,0.0,0.0,0.0,0.0,0.0,0.0,0.0,0.0,0.0
PPO,505,oat_dynamics_income_sigma_low,identity,0.0,0.0,0.0,0.0,0.0,0.0,0.0,0.0,0.0
PPO,505,oat_dynamics_missed_delinquency_high,identity,0.0,0.0,0.0,0.0,0.0,0.0,0.0,0.0,0.0
PPO,505,oat_dynamics_missed_delinquency_low,identity,0.0,0.0,0.0,0.0,0.0,0.0,0.0,0.0,0.0
PPO,505,oat_dynamics_payment_income_cap_high,identity,0.0,0.0,0.0,0.0,0.0,0.0,0.0,0.0,0.0
PPO,505,oat_dynamics_payment_income_cap_low,identity,0.0,0.0,0.0,0.0,0.0,0.0,0.0,0.0,0.0
PPO,505,oat_dynamics_payment_persistence_high,identity,0.0,0.0,0.0,0.0,0.0,0.0,0.0,0.0,0.0
PPO,505,oat_dynamics_payment_persistence_low,identity,0.0,0.0,0.0,0.0,0.0,0.0,0.0,0.0,0.0
PPO,505,oat_dynamics_spend_limit_elasticity_high,identity,0.0,0.0,0.0,0.0,0.0,0.0,0.0,0.0,0.0
PPO,505,oat_dynamics_spend_limit_elasticity_low,identity,0.0,0.0,0.0,0.0,0.0,0.0,0.0,0.0,0.0
PPO,505,oat_reference,identity,0.0,0.0,0.0,0.0,0.0,0.0,0.0,0.0,0.0
PPO,505,random_000,identity,0.0,0.0,0.0,0.0,0.0,0.0,0.0,0.0,0.0
PPO,505,random_000,pd_flat,0.0,0.0,0.0,0.0,0.0,0.0,0.0,0.0,0.0
PPO,505,random_000,pd_lag,0.0,0.0,0.0,0.0,0.0,0.0,0.0,0.0,0.0
PPO,505,random_000,pd_noise_high,0.0,0.0,0.0,0.0,0.0,0.0,0.0,0.0,0.0
PPO,505,random_000,pd_noise_low,0.0,0.0,0.0,0.0,0.0,0.0,0.0,0.0,0.0
PPO,505,random_000,pd_over,0.0,0.0,0.0,0.0,0.0,0.0,0.0,0.0,0.0
PPO,505,random_000,pd_steep,0.0,0.0,0.0,0.0,0.0,0.0,0.0,0.0,0.0
PPO,505,random_000,pd_under,0.0,0.0,0.0,0.0,0.0,0.0,0.0,0.0,0.0
PPO,505,random_000,reporting_error,0.0,0.0,0.0,0.0,0.0,0.0,0.0,0.0,0.0
PPO,505,random_001,identity,0.0,0.0,0.0,0.0,0.0,0.0,0.0,0.0,0.0
PPO,505,random_002,identity,0.0,0.0,0.0,0.0,0.0,0.0,0.0,0.0,0.0
PPO,505,random_003,identity,0.0,0.0,0.0,0.0,0.0,0.0,0.0,0.0,0.0
PPO,505,random_004,identity,0.0,0.0,0.0,0.0,0.0,0.0,0.0,0.0,0.0
PPO,505,random_005,identity,0.0,0.0,0.0,0.0,0.0,0.0,0.0,0.0,0.0
PPO,505,random_006,identity,0.0,0.0,0.0,0.0,0.0,0.0,0.0,0.0,0.0
PPO,505,random_007,identity,0.0,0.0,0.0,0.0,0.0,0.0,0.0,0.0,0.0
PPO,505,random_008,identity,0.0,0.0,0.0,0.0,0.0,0.0,0.0,0.0,0.0
PPO,505,random_009,identity,0.0,0.0,0.0,0.0,0.0,0.0,0.0,0.0,0.0
PPO,505,random_010,identity,0.0,0.0,0.0,0.0,0.0,0.0,0.0,0.0,0.0
PPO,505,random_011,identity,0.0,0.0,0.0,0.0,0.0,0.0,0.0,0.0,0.0
PPO,505,random_012,identity,0.0,0.0,0.0,0.0,0.0,0.0,0.0,0.0,0.0
PPO,505,random_013,identity,0.0,0.0,0.0,0.0,0.0,0.0,0.0,0.0,0.0
PPO,505,random_014,identity,0.0,0.0,0.0,0.0,0.0,0.0,0.0,0.0,0.0
PPO,505,random_015,identity,0.0,0.0,0.0,0.0,0.0,0.0,0.0,0.0,0.0
PPO,505,random_016,identity,0.0,0.0,0.0,0.0,0.0,0.0,0.0,0.0,0.0
PPO,505,random_017,identity,0.0,0.0,0.0,0.0,0.0,0.0,0.0,0.0,0.0
PPO,505,random_018,identity,0.0,0.0,0.0,0.0,0.0,0.0,0.0,0.0,0.0
PPO,505,random_019,identity,0.0,0.0,0.0,0.0,0.0,0.0,0.0,0.0,0.0
PPO,505,random_020,identity,0.0,0.0,0.0,0.0,0.0,0.0,0.0,0.0,0.0
PPO,505,random_021,identity,0.0,0.0,0.0,0.0,0.0,0.0,0.0,0.0,0.0
PPO,505,random_022,identity,0.0,0.0,0.0,0.0,0.0,0.0,0.0,0.0,0.0
PPO,505,random_023,identity,0.0,0.0,0.0,0.0,0.0,0.0,0.0,0.0,0.0
PPO,505,random_024,identity,0.0,0.0,0.0,0.0,0.0,0.0,0.0,0.0,0.0
PPO,505,random_025,identity,0.0,0.0,0.0,0.0,0.0,0.0,0.0,0.0,0.0
PPO,505,random_026,identity,0.0,0.0,0.0,0.0,0.0,0.0,0.0,0.0,0.0
PPO,505,random_027,identity,0.0,0.0,0.0,0.0,0.0,0.0,0.0,0.0,0.0
PPO,505,random_028,identity,0.0,0.0,0.0,0.0,0.0,0.0,0.0,0.0,0.0
PPO,505,random_029,identity,0.0,0.0,0.0,0.0,0.0,0.0,0.0,0.0,0.0
PPO,505,random_030,identity,0.0,0.0,0.0,0.0,0.0,0.0,0.0,0.0,0.0
PPO,505,random_031,identity,0.0,0.0,0.0,0.0,0.0,0.0,0.0,0.0,0.0
PPO_without_PD,101,macro_early,identity,0.0,0.0,0.0,0.0,0.0,0.0,0.0,0.0,0.0
PPO_without_PD,101,macro_late,identity,0.0,0.0,0.0,0.0,0.0,0.0,0.0,0.0,0.0
PPO_without_PD,101,macro_prolonged,identity,0.0,0.0,0.0,0.0,0.0,0.0,0.0,0.0,0.0
PPO_without_PD,101,macro_slow_recovery,identity,0.0,0.0,0.0,0.0,0.0,0.0,0.0,0.0,0.0
PPO_without_PD,101,macro_unexpected,identity,0.0,0.0,0.0,0.0,0.0,0.0,0.0,0.0,0.0
PPO_without_PD,101,macro_unexpected,pd_flat,0.0,0.0,0.0,0.0,0.0,0.0,0.0,0.0,0.0
PPO_without_PD,101,macro_unexpected,pd_lag,0.0,0.0,0.0,0.0,0.0,0.0,0.0,0.0,0.0
PPO_without_PD,101,macro_unexpected,pd_noise_high,0.0,0.0,0.0,0.0,0.0,0.0,0.0,0.0,0.0
PPO_without_PD,101,macro_unexpected,pd_noise_low,0.0,0.0,0.0,0.0,0.0,0.0,0.0,0.0,0.0
PPO_without_PD,101,macro_unexpected,pd_over,0.0,0.0,0.0,0.0,0.0,0.0,0.0,0.0,0.0
PPO_without_PD,101,macro_unexpected,pd_steep,0.0,0.0,0.0,0.0,0.0,0.0,0.0,0.0,0.0
PPO_without_PD,101,macro_unexpected,pd_under,0.0,0.0,0.0,0.0,0.0,0.0,0.0,0.0,0.0
PPO_without_PD,101,macro_unexpected,reporting_error,0.0,0.0,0.0,0.0,0.0,0.0,0.0,0.0,0.0
PPO_without_PD,101,nominal,identity,0.0,0.0,0.0,0.0,0.0,0.0,0.0,0.0,0.0
PPO_without_PD,101,nominal,pd_flat,0.0,0.0,0.0,0.0,0.0,0.0,0.0,0.0,0.0
PPO_without_PD,101,nominal,pd_lag,0.0,0.0,0.0,0.0,0.0,0.0,0.0,0.0,0.0
PPO_without_PD,101,nominal,pd_noise_high,0.0,0.0,0.0,0.0,0.0,0.0,0.0,0.0,0.0
PPO_without_PD,101,nominal,pd_noise_low,0.0,0.0,0.0,0.0,0.0,0.0,0.0,0.0,0.0
PPO_without_PD,101,nominal,pd_over,0.0,0.0,0.0,0.0,0.0,0.0,0.0,0.0,0.0
PPO_without_PD,101,nominal,pd_steep,0.0,0.0,0.0,0.0,0.0,0.0,0.0,0.0,0.0
PPO_without_PD,101,nominal,pd_under,0.0,0.0,0.0,0.0,0.0,0.0,0.0,0.0,0.0
PPO_without_PD,101,nominal,reporting_error,0.0,0.0,0.0,0.0,0.0,0.0,0.0,0.0,0.0
PPO_without_PD,101,oat_default_debt_to_income_high,identity,0.0,0.0,0.0,0.0,0.0,0.0,0.0,0.0,0.0
PPO_without_PD,101,oat_default_debt_to_income_low,identity,0.0,0.0,0.0,0.0,0.0,0.0,0.0,0.0,0.0
PPO_without_PD,101,oat_default_intercept_high,identity,0.0,0.0,0.0,0.0,0.0,0.0,0.0,0.0,0.0
PPO_without_PD,101,oat_default_intercept_low,identity,0.0,0.0,0.0,0.0,0.0,0.0,0.0,0.0,0.0
PPO_without_PD,101,oat_default_months_delinquent_high,identity,0.0,0.0,0.0,0.0,0.0,0.0,0.0,0.0,0.0
PPO_without_PD,101,oat_default_months_delinquent_low,identity,0.0,0.0,0.0,0.0,0.0,0.0,0.0,0.0,0.0
PPO_without_PD,101,oat_default_stress_high,identity,0.0,0.0,0.0,0.0,0.0,0.0,0.0,0.0,0.0
PPO_without_PD,101,oat_default_stress_low,identity,0.0,0.0,0.0,0.0,0.0,0.0,0.0,0.0,0.0
PPO_without_PD,101,oat_default_utilization_high,identity,0.0,0.0,0.0,0.0,0.0,0.0,0.0,0.0,0.0
PPO_without_PD,101,oat_default_utilization_low,identity,0.0,0.0,0.0,0.0,0.0,0.0,0.0,0.0,0.0
PPO_without_PD,101,oat_dynamics_income_sigma_high,identity,0.0,0.0,0.0,0.0,0.0,0.0,0.0,0.0,0.0
PPO_without_PD,101,oat_dynamics_income_sigma_low,identity,0.0,0.0,0.0,0.0,0.0,0.0,0.0,0.0,0.0
PPO_without_PD,101,oat_dynamics_missed_delinquency_high,identity,0.0,0.0,0.0,0.0,0.0,0.0,0.0,0.0,0.0
PPO_without_PD,101,oat_dynamics_missed_delinquency_low,identity,0.0,0.0,0.0,0.0,0.0,0.0,0.0,0.0,0.0
PPO_without_PD,101,oat_dynamics_payment_income_cap_high,identity,0.0,0.0,0.0,0.0,0.0,0.0,0.0,0.0,0.0
PPO_without_PD,101,oat_dynamics_payment_income_cap_low,identity,0.0,0.0,0.0,0.0,0.0,0.0,0.0,0.0,0.0
PPO_without_PD,101,oat_dynamics_payment_persistence_high,identity,0.0,0.0,0.0,0.0,0.0,0.0,0.0,0.0,0.0
PPO_without_PD,101,oat_dynamics_payment_persistence_low,identity,0.0,0.0,0.0,0.0,0.0,0.0,0.0,0.0,0.0
PPO_without_PD,101,oat_dynamics_spend_limit_elasticity_high,identity,0.0,0.0,0.0,0.0,0.0,0.0,0.0,0.0,0.0
PPO_without_PD,101,oat_dynamics_spend_limit_elasticity_low,identity,0.0,0.0,0.0,0.0,0.0,0.0,0.0,0.0,0.0
PPO_without_PD,101,oat_reference,identity,0.0,0.0,0.0,0.0,0.0,0.0,0.0,0.0,0.0
PPO_without_PD,101,random_000,identity,0.0,0.0,0.0,0.0,0.0,0.0,0.0,0.0,0.0
PPO_without_PD,101,random_000,pd_flat,0.0,0.0,0.0,0.0,0.0,0.0,0.0,0.0,0.0
PPO_without_PD,101,random_000,pd_lag,0.0,0.0,0.0,0.0,0.0,0.0,0.0,0.0,0.0
PPO_without_PD,101,random_000,pd_noise_high,0.0,0.0,0.0,0.0,0.0,0.0,0.0,0.0,0.0
PPO_without_PD,101,random_000,pd_noise_low,0.0,0.0,0.0,0.0,0.0,0.0,0.0,0.0,0.0
PPO_without_PD,101,random_000,pd_over,0.0,0.0,0.0,0.0,0.0,0.0,0.0,0.0,0.0
PPO_without_PD,101,random_000,pd_steep,0.0,0.0,0.0,0.0,0.0,0.0,0.0,0.0,0.0
PPO_without_PD,101,random_000,pd_under,0.0,0.0,0.0,0.0,0.0,0.0,0.0,0.0,0.0
PPO_without_PD,101,random_000,reporting_error,0.0,0.0,0.0,0.0,0.0,0.0,0.0,0.0,0.0
PPO_without_PD,101,random_001,identity,0.0,0.0,0.0,0.0,0.0,0.0,0.0,0.0,0.0
PPO_without_PD,101,random_002,identity,0.0,0.0,0.0,0.0,0.0,0.0,0.0,0.0,0.0
PPO_without_PD,101,random_003,identity,0.0,0.0,0.0,0.0,0.0,0.0,0.0,0.0,0.0
PPO_without_PD,101,random_004,identity,0.0,0.0,0.0,0.0,0.0,0.0,0.0,0.0,0.0
PPO_without_PD,101,random_005,identity,0.0,0.0,0.0,0.0,0.0,0.0,0.0,0.0,0.0
PPO_without_PD,101,random_006,identity,0.0,0.0,0.0,0.0,0.0,0.0,0.0,0.0,0.0
PPO_without_PD,101,random_007,identity,0.0,0.0,0.0,0.0,0.0,0.0,0.0,0.0,0.0
PPO_without_PD,101,random_008,identity,0.0,0.0,0.0,0.0,0.0,0.0,0.0,0.0,0.0
PPO_without_PD,101,random_009,identity,0.0,0.0,0.0,0.0,0.0,0.0,0.0,0.0,0.0
PPO_without_PD,101,random_010,identity,0.0,0.0,0.0,0.0,0.0,0.0,0.0,0.0,0.0
PPO_without_PD,101,random_011,identity,0.0,0.0,0.0,0.0,0.0,0.0,0.0,0.0,0.0
PPO_without_PD,101,random_012,identity,0.0,0.0,0.0,0.0,0.0,0.0,0.0,0.0,0.0
PPO_without_PD,101,random_013,identity,0.0,0.0,0.0,0.0,0.0,0.0,0.0,0.0,0.0
PPO_without_PD,101,random_014,identity,0.0,0.0,0.0,0.0,0.0,0.0,0.0,0.0,0.0
PPO_without_PD,101,random_015,identity,0.0,0.0,0.0,0.0,0.0,0.0,0.0,0.0,0.0
PPO_without_PD,101,random_016,identity,0.0,0.0,0.0,0.0,0.0,0.0,0.0,0.0,0.0
PPO_without_PD,101,random_017,identity,0.0,0.0,0.0,0.0,0.0,0.0,0.0,0.0,0.0
PPO_without_PD,101,random_018,identity,0.0,0.0,0.0,0.0,0.0,0.0,0.0,0.0,0.0
PPO_without_PD,101,random_019,identity,0.0,0.0,0.0,0.0,0.0,0.0,0.0,0.0,0.0
PPO_without_PD,101,random_020,identity,0.0,0.0,0.0,0.0,0.0,0.0,0.0,0.0,0.0
PPO_without_PD,101,random_021,identity,0.0,0.0,0.0,0.0,0.0,0.0,0.0,0.0,0.0
PPO_without_PD,101,random_022,identity,0.0,0.0,0.0,0.0,0.0,0.0,0.0,0.0,0.0
PPO_without_PD,101,random_023,identity,0.0,0.0,0.0,0.0,0.0,0.0,0.0,0.0,0.0
PPO_without_PD,101,random_024,identity,0.0,0.0,0.0,0.0,0.0,0.0,0.0,0.0,0.0
PPO_without_PD,101,random_025,identity,0.0,0.0,0.0,0.0,0.0,0.0,0.0,0.0,0.0
PPO_without_PD,101,random_026,identity,0.0,0.0,0.0,0.0,0.0,0.0,0.0,0.0,0.0
PPO_without_PD,101,random_027,identity,0.0,0.0,0.0,0.0,0.0,0.0,0.0,0.0,0.0
PPO_without_PD,101,random_028,identity,0.0,0.0,0.0,0.0,0.0,0.0,0.0,0.0,0.0
PPO_without_PD,101,random_029,identity,0.0,0.0,0.0,0.0,0.0,0.0,0.0,0.0,0.0
PPO_without_PD,101,random_030,identity,0.0,0.0,0.0,0.0,0.0,0.0,0.0,0.0,0.0
PPO_without_PD,101,random_031,identity,0.0,0.0,0.0,0.0,0.0,0.0,0.0,0.0,0.0
PPO_without_PD,202,macro_early,identity,0.0,0.0,0.0,0.0,0.0,0.0,0.0,0.0,0.0
PPO_without_PD,202,macro_late,identity,0.0,0.0,0.0,0.0,0.0,0.0,0.0,0.0,0.0
PPO_without_PD,202,macro_prolonged,identity,0.0,0.0,0.0,0.0,0.0,0.0,0.0,0.0,0.0
PPO_without_PD,202,macro_slow_recovery,identity,0.0,0.0,0.0,0.0,0.0,0.0,0.0,0.0,0.0
PPO_without_PD,202,macro_unexpected,identity,0.0,0.0,0.0,0.0,0.0,0.0,0.0,0.0,0.0
PPO_without_PD,202,macro_unexpected,pd_flat,0.0,0.0,0.0,0.0,0.0,0.0,0.0,0.0,0.0
PPO_without_PD,202,macro_unexpected,pd_lag,0.0,0.0,0.0,0.0,0.0,0.0,0.0,0.0,0.0
PPO_without_PD,202,macro_unexpected,pd_noise_high,0.0,0.0,0.0,0.0,0.0,0.0,0.0,0.0,0.0
PPO_without_PD,202,macro_unexpected,pd_noise_low,0.0,0.0,0.0,0.0,0.0,0.0,0.0,0.0,0.0
PPO_without_PD,202,macro_unexpected,pd_over,0.0,0.0,0.0,0.0,0.0,0.0,0.0,0.0,0.0
PPO_without_PD,202,macro_unexpected,pd_steep,0.0,0.0,0.0,0.0,0.0,0.0,0.0,0.0,0.0
PPO_without_PD,202,macro_unexpected,pd_under,0.0,0.0,0.0,0.0,0.0,0.0,0.0,0.0,0.0
PPO_without_PD,202,macro_unexpected,reporting_error,0.0,0.0,0.0,0.0,0.0,0.0,0.0,0.0,0.0
PPO_without_PD,202,nominal,identity,0.0,0.0,0.0,0.0,0.0,0.0,0.0,0.0,0.0
PPO_without_PD,202,nominal,pd_flat,0.0,0.0,0.0,0.0,0.0,0.0,0.0,0.0,0.0
PPO_without_PD,202,nominal,pd_lag,0.0,0.0,0.0,0.0,0.0,0.0,0.0,0.0,0.0
PPO_without_PD,202,nominal,pd_noise_high,0.0,0.0,0.0,0.0,0.0,0.0,0.0,0.0,0.0
PPO_without_PD,202,nominal,pd_noise_low,0.0,0.0,0.0,0.0,0.0,0.0,0.0,0.0,0.0
PPO_without_PD,202,nominal,pd_over,0.0,0.0,0.0,0.0,0.0,0.0,0.0,0.0,0.0
PPO_without_PD,202,nominal,pd_steep,0.0,0.0,0.0,0.0,0.0,0.0,0.0,0.0,0.0
PPO_without_PD,202,nominal,pd_under,0.0,0.0,0.0,0.0,0.0,0.0,0.0,0.0,0.0
PPO_without_PD,202,nominal,reporting_error,0.0,0.0,0.0,0.0,0.0,0.0,0.0,0.0,0.0
PPO_without_PD,202,oat_default_debt_to_income_high,identity,0.0,0.0,0.0,0.0,0.0,0.0,0.0,0.0,0.0
PPO_without_PD,202,oat_default_debt_to_income_low,identity,0.0,0.0,0.0,0.0,0.0,0.0,0.0,0.0,0.0
PPO_without_PD,202,oat_default_intercept_high,identity,0.0,0.0,0.0,0.0,0.0,0.0,0.0,0.0,0.0
PPO_without_PD,202,oat_default_intercept_low,identity,0.0,0.0,0.0,0.0,0.0,0.0,0.0,0.0,0.0
PPO_without_PD,202,oat_default_months_delinquent_high,identity,0.0,0.0,0.0,0.0,0.0,0.0,0.0,0.0,0.0
PPO_without_PD,202,oat_default_months_delinquent_low,identity,0.0,0.0,0.0,0.0,0.0,0.0,0.0,0.0,0.0
PPO_without_PD,202,oat_default_stress_high,identity,0.0,0.0,0.0,0.0,0.0,0.0,0.0,0.0,0.0
PPO_without_PD,202,oat_default_stress_low,identity,0.0,0.0,0.0,0.0,0.0,0.0,0.0,0.0,0.0
PPO_without_PD,202,oat_default_utilization_high,identity,0.0,0.0,0.0,0.0,0.0,0.0,0.0,0.0,0.0
PPO_without_PD,202,oat_default_utilization_low,identity,0.0,0.0,0.0,0.0,0.0,0.0,0.0,0.0,0.0
PPO_without_PD,202,oat_dynamics_income_sigma_high,identity,0.0,0.0,0.0,0.0,0.0,0.0,0.0,0.0,0.0
PPO_without_PD,202,oat_dynamics_income_sigma_low,identity,0.0,0.0,0.0,0.0,0.0,0.0,0.0,0.0,0.0
PPO_without_PD,202,oat_dynamics_missed_delinquency_high,identity,0.0,0.0,0.0,0.0,0.0,0.0,0.0,0.0,0.0
PPO_without_PD,202,oat_dynamics_missed_delinquency_low,identity,0.0,0.0,0.0,0.0,0.0,0.0,0.0,0.0,0.0
PPO_without_PD,202,oat_dynamics_payment_income_cap_high,identity,0.0,0.0,0.0,0.0,0.0,0.0,0.0,0.0,0.0
PPO_without_PD,202,oat_dynamics_payment_income_cap_low,identity,0.0,0.0,0.0,0.0,0.0,0.0,0.0,0.0,0.0
PPO_without_PD,202,oat_dynamics_payment_persistence_high,identity,0.0,0.0,0.0,0.0,0.0,0.0,0.0,0.0,0.0
PPO_without_PD,202,oat_dynamics_payment_persistence_low,identity,0.0,0.0,0.0,0.0,0.0,0.0,0.0,0.0,0.0
PPO_without_PD,202,oat_dynamics_spend_limit_elasticity_high,identity,0.0,0.0,0.0,0.0,0.0,0.0,0.0,0.0,0.0
PPO_without_PD,202,oat_dynamics_spend_limit_elasticity_low,identity,0.0,0.0,0.0,0.0,0.0,0.0,0.0,0.0,0.0
PPO_without_PD,202,oat_reference,identity,0.0,0.0,0.0,0.0,0.0,0.0,0.0,0.0,0.0
PPO_without_PD,202,random_000,identity,0.0,0.0,0.0,0.0,0.0,0.0,0.0,0.0,0.0
PPO_without_PD,202,random_000,pd_flat,0.0,0.0,0.0,0.0,0.0,0.0,0.0,0.0,0.0
PPO_without_PD,202,random_000,pd_lag,0.0,0.0,0.0,0.0,0.0,0.0,0.0,0.0,0.0
PPO_without_PD,202,random_000,pd_noise_high,0.0,0.0,0.0,0.0,0.0,0.0,0.0,0.0,0.0
PPO_without_PD,202,random_000,pd_noise_low,0.0,0.0,0.0,0.0,0.0,0.0,0.0,0.0,0.0
PPO_without_PD,202,random_000,pd_over,0.0,0.0,0.0,0.0,0.0,0.0,0.0,0.0,0.0
PPO_without_PD,202,random_000,pd_steep,0.0,0.0,0.0,0.0,0.0,0.0,0.0,0.0,0.0
PPO_without_PD,202,random_000,pd_under,0.0,0.0,0.0,0.0,0.0,0.0,0.0,0.0,0.0
PPO_without_PD,202,random_000,reporting_error,0.0,0.0,0.0,0.0,0.0,0.0,0.0,0.0,0.0
PPO_without_PD,202,random_001,identity,0.0,0.0,0.0,0.0,0.0,0.0,0.0,0.0,0.0
PPO_without_PD,202,random_002,identity,0.0,0.0,0.0,0.0,0.0,0.0,0.0,0.0,0.0
PPO_without_PD,202,random_003,identity,0.0,0.0,0.0,0.0,0.0,0.0,0.0,0.0,0.0
PPO_without_PD,202,random_004,identity,0.0,0.0,0.0,0.0,0.0,0.0,0.0,0.0,0.0
PPO_without_PD,202,random_005,identity,0.0,0.0,0.0,0.0,0.0,0.0,0.0,0.0,0.0
PPO_without_PD,202,random_006,identity,0.0,0.0,0.0,0.0,0.0,0.0,0.0,0.0,0.0
PPO_without_PD,202,random_007,identity,0.0,0.0,0.0,0.0,0.0,0.0,0.0,0.0,0.0
PPO_without_PD,202,random_008,identity,0.0,0.0,0.0,0.0,0.0,0.0,0.0,0.0,0.0
PPO_without_PD,202,random_009,identity,0.0,0.0,0.0,0.0,0.0,0.0,0.0,0.0,0.0
PPO_without_PD,202,random_010,identity,0.0,0.0,0.0,0.0,0.0,0.0,0.0,0.0,0.0
PPO_without_PD,202,random_011,identity,0.0,0.0,0.0,0.0,0.0,0.0,0.0,0.0,0.0
PPO_without_PD,202,random_012,identity,0.0,0.0,0.0,0.0,0.0,0.0,0.0,0.0,0.0
PPO_without_PD,202,random_013,identity,0.0,0.0,0.0,0.0,0.0,0.0,0.0,0.0,0.0
PPO_without_PD,202,random_014,identity,0.0,0.0,0.0,0.0,0.0,0.0,0.0,0.0,0.0
PPO_without_PD,202,random_015,identity,0.0,0.0,0.0,0.0,0.0,0.0,0.0,0.0,0.0
PPO_without_PD,202,random_016,identity,0.0,0.0,0.0,0.0,0.0,0.0,0.0,0.0,0.0
PPO_without_PD,202,random_017,identity,0.0,0.0,0.0,0.0,0.0,0.0,0.0,0.0,0.0
PPO_without_PD,202,random_018,identity,0.0,0.0,0.0,0.0,0.0,0.0,0.0,0.0,0.0
PPO_without_PD,202,random_019,identity,0.0,0.0,0.0,0.0,0.0,0.0,0.0,0.0,0.0
PPO_without_PD,202,random_020,identity,0.0,0.0,0.0,0.0,0.0,0.0,0.0,0.0,0.0
PPO_without_PD,202,random_021,identity,0.0,0.0,0.0,0.0,0.0,0.0,0.0,0.0,0.0
PPO_without_PD,202,random_022,identity,0.0,0.0,0.0,0.0,0.0,0.0,0.0,0.0,0.0
PPO_without_PD,202,random_023,identity,0.0,0.0,0.0,0.0,0.0,0.0,0.0,0.0,0.0
PPO_without_PD,202,random_024,identity,0.0,0.0,0.0,0.0,0.0,0.0,0.0,0.0,0.0
PPO_without_PD,202,random_025,identity,0.0,0.0,0.0,0.0,0.0,0.0,0.0,0.0,0.0
PPO_without_PD,202,random_026,identity,0.0,0.0,0.0,0.0,0.0,0.0,0.0,0.0,0.0
PPO_without_PD,202,random_027,identity,0.0,0.0,0.0,0.0,0.0,0.0,0.0,0.0,0.0
PPO_without_PD,202,random_028,identity,0.0,0.0,0.0,0.0,0.0,0.0,0.0,0.0,0.0
PPO_without_PD,202,random_029,identity,0.0,0.0,0.0,0.0,0.0,0.0,0.0,0.0,0.0
PPO_without_PD,202,random_030,identity,0.0,0.0,0.0,0.0,0.0,0.0,0.0,0.0,0.0
PPO_without_PD,202,random_031,identity,0.0,0.0,0.0,0.0,0.0,0.0,0.0,0.0,0.0
PPO_without_PD,303,macro_early,identity,0.0,0.0,0.0,0.0,0.0,0.0,0.0,0.0,0.0
PPO_without_PD,303,macro_late,identity,0.0,0.0,0.0,0.0,0.0,0.0,0.0,0.0,0.0
PPO_without_PD,303,macro_prolonged,identity,0.0,0.0,0.0,0.0,0.0,0.0,0.0,0.0,0.0
PPO_without_PD,303,macro_slow_recovery,identity,0.0,0.0,0.0,0.0,0.0,0.0,0.0,0.0,0.0
PPO_without_PD,303,macro_unexpected,identity,0.0,0.0,0.0,0.0,0.0,0.0,0.0,0.0,0.0
PPO_without_PD,303,macro_unexpected,pd_flat,0.0,0.0,0.0,0.0,0.0,0.0,0.0,0.0,0.0
PPO_without_PD,303,macro_unexpected,pd_lag,0.0,0.0,0.0,0.0,0.0,0.0,0.0,0.0,0.0
PPO_without_PD,303,macro_unexpected,pd_noise_high,0.0,0.0,0.0,0.0,0.0,0.0,0.0,0.0,0.0
PPO_without_PD,303,macro_unexpected,pd_noise_low,0.0,0.0,0.0,0.0,0.0,0.0,0.0,0.0,0.0
PPO_without_PD,303,macro_unexpected,pd_over,0.0,0.0,0.0,0.0,0.0,0.0,0.0,0.0,0.0
PPO_without_PD,303,macro_unexpected,pd_steep,0.0,0.0,0.0,0.0,0.0,0.0,0.0,0.0,0.0
PPO_without_PD,303,macro_unexpected,pd_under,0.0,0.0,0.0,0.0,0.0,0.0,0.0,0.0,0.0
PPO_without_PD,303,macro_unexpected,reporting_error,0.0,0.0,0.0,0.0,0.0,0.0,0.0,0.0,0.0
PPO_without_PD,303,nominal,identity,0.0,0.0,0.0,0.0,0.0,0.0,0.0,0.0,0.0
PPO_without_PD,303,nominal,pd_flat,0.0,0.0,0.0,0.0,0.0,0.0,0.0,0.0,0.0
PPO_without_PD,303,nominal,pd_lag,0.0,0.0,0.0,0.0,0.0,0.0,0.0,0.0,0.0
PPO_without_PD,303,nominal,pd_noise_high,0.0,0.0,0.0,0.0,0.0,0.0,0.0,0.0,0.0
PPO_without_PD,303,nominal,pd_noise_low,0.0,0.0,0.0,0.0,0.0,0.0,0.0,0.0,0.0
PPO_without_PD,303,nominal,pd_over,0.0,0.0,0.0,0.0,0.0,0.0,0.0,0.0,0.0
PPO_without_PD,303,nominal,pd_steep,0.0,0.0,0.0,0.0,0.0,0.0,0.0,0.0,0.0
PPO_without_PD,303,nominal,pd_under,0.0,0.0,0.0,0.0,0.0,0.0,0.0,0.0,0.0
PPO_without_PD,303,nominal,reporting_error,0.0,0.0,0.0,0.0,0.0,0.0,0.0,0.0,0.0
PPO_without_PD,303,oat_default_debt_to_income_high,identity,0.0,0.0,0.0,0.0,0.0,0.0,0.0,0.0,0.0
PPO_without_PD,303,oat_default_debt_to_income_low,identity,0.0,0.0,0.0,0.0,0.0,0.0,0.0,0.0,0.0
PPO_without_PD,303,oat_default_intercept_high,identity,0.0,0.0,0.0,0.0,0.0,0.0,0.0,0.0,0.0
PPO_without_PD,303,oat_default_intercept_low,identity,0.0,0.0,0.0,0.0,0.0,0.0,0.0,0.0,0.0
PPO_without_PD,303,oat_default_months_delinquent_high,identity,0.0,0.0,0.0,0.0,0.0,0.0,0.0,0.0,0.0
PPO_without_PD,303,oat_default_months_delinquent_low,identity,0.0,0.0,0.0,0.0,0.0,0.0,0.0,0.0,0.0
PPO_without_PD,303,oat_default_stress_high,identity,0.0,0.0,0.0,0.0,0.0,0.0,0.0,0.0,0.0
PPO_without_PD,303,oat_default_stress_low,identity,0.0,0.0,0.0,0.0,0.0,0.0,0.0,0.0,0.0
PPO_without_PD,303,oat_default_utilization_high,identity,0.0,0.0,0.0,0.0,0.0,0.0,0.0,0.0,0.0
PPO_without_PD,303,oat_default_utilization_low,identity,0.0,0.0,0.0,0.0,0.0,0.0,0.0,0.0,0.0
PPO_without_PD,303,oat_dynamics_income_sigma_high,identity,0.0,0.0,0.0,0.0,0.0,0.0,0.0,0.0,0.0
PPO_without_PD,303,oat_dynamics_income_sigma_low,identity,0.0,0.0,0.0,0.0,0.0,0.0,0.0,0.0,0.0
PPO_without_PD,303,oat_dynamics_missed_delinquency_high,identity,0.0,0.0,0.0,0.0,0.0,0.0,0.0,0.0,0.0
PPO_without_PD,303,oat_dynamics_missed_delinquency_low,identity,0.0,0.0,0.0,0.0,0.0,0.0,0.0,0.0,0.0
PPO_without_PD,303,oat_dynamics_payment_income_cap_high,identity,0.0,0.0,0.0,0.0,0.0,0.0,0.0,0.0,0.0
PPO_without_PD,303,oat_dynamics_payment_income_cap_low,identity,0.0,0.0,0.0,0.0,0.0,0.0,0.0,0.0,0.0
PPO_without_PD,303,oat_dynamics_payment_persistence_high,identity,0.0,0.0,0.0,0.0,0.0,0.0,0.0,0.0,0.0
PPO_without_PD,303,oat_dynamics_payment_persistence_low,identity,0.0,0.0,0.0,0.0,0.0,0.0,0.0,0.0,0.0
PPO_without_PD,303,oat_dynamics_spend_limit_elasticity_high,identity,0.0,0.0,0.0,0.0,0.0,0.0,0.0,0.0,0.0
PPO_without_PD,303,oat_dynamics_spend_limit_elasticity_low,identity,0.0,0.0,0.0,0.0,0.0,0.0,0.0,0.0,0.0
PPO_without_PD,303,oat_reference,identity,0.0,0.0,0.0,0.0,0.0,0.0,0.0,0.0,0.0
PPO_without_PD,303,random_000,identity,0.0,0.0,0.0,0.0,0.0,0.0,0.0,0.0,0.0
PPO_without_PD,303,random_000,pd_flat,0.0,0.0,0.0,0.0,0.0,0.0,0.0,0.0,0.0
PPO_without_PD,303,random_000,pd_lag,0.0,0.0,0.0,0.0,0.0,0.0,0.0,0.0,0.0
PPO_without_PD,303,random_000,pd_noise_high,0.0,0.0,0.0,0.0,0.0,0.0,0.0,0.0,0.0
PPO_without_PD,303,random_000,pd_noise_low,0.0,0.0,0.0,0.0,0.0,0.0,0.0,0.0,0.0
PPO_without_PD,303,random_000,pd_over,0.0,0.0,0.0,0.0,0.0,0.0,0.0,0.0,0.0
PPO_without_PD,303,random_000,pd_steep,0.0,0.0,0.0,0.0,0.0,0.0,0.0,0.0,0.0
PPO_without_PD,303,random_000,pd_under,0.0,0.0,0.0,0.0,0.0,0.0,0.0,0.0,0.0
PPO_without_PD,303,random_000,reporting_error,0.0,0.0,0.0,0.0,0.0,0.0,0.0,0.0,0.0
PPO_without_PD,303,random_001,identity,0.0,0.0,0.0,0.0,0.0,0.0,0.0,0.0,0.0
PPO_without_PD,303,random_002,identity,0.0,0.0,0.0,0.0,0.0,0.0,0.0,0.0,0.0
PPO_without_PD,303,random_003,identity,0.0,0.0,0.0,0.0,0.0,0.0,0.0,0.0,0.0
PPO_without_PD,303,random_004,identity,0.0,0.0,0.0,0.0,0.0,0.0,0.0,0.0,0.0
PPO_without_PD,303,random_005,identity,0.0,0.0,0.0,0.0,0.0,0.0,0.0,0.0,0.0
PPO_without_PD,303,random_006,identity,0.0,0.0,0.0,0.0,0.0,0.0,0.0,0.0,0.0
PPO_without_PD,303,random_007,identity,0.0,0.0,0.0,0.0,0.0,0.0,0.0,0.0,0.0
PPO_without_PD,303,random_008,identity,0.0,0.0,0.0,0.0,0.0,0.0,0.0,0.0,0.0
PPO_without_PD,303,random_009,identity,0.0,0.0,0.0,0.0,0.0,0.0,0.0,0.0,0.0
PPO_without_PD,303,random_010,identity,0.0,0.0,0.0,0.0,0.0,0.0,0.0,0.0,0.0
PPO_without_PD,303,random_011,identity,0.0,0.0,0.0,0.0,0.0,0.0,0.0,0.0,0.0
PPO_without_PD,303,random_012,identity,0.0,0.0,0.0,0.0,0.0,0.0,0.0,0.0,0.0
PPO_without_PD,303,random_013,identity,0.0,0.0,0.0,0.0,0.0,0.0,0.0,0.0,0.0
PPO_without_PD,303,random_014,identity,0.0,0.0,0.0,0.0,0.0,0.0,0.0,0.0,0.0
PPO_without_PD,303,random_015,identity,0.0,0.0,0.0,0.0,0.0,0.0,0.0,0.0,0.0
PPO_without_PD,303,random_016,identity,0.0,0.0,0.0,0.0,0.0,0.0,0.0,0.0,0.0
PPO_without_PD,303,random_017,identity,0.0,0.0,0.0,0.0,0.0,0.0,0.0,0.0,0.0
PPO_without_PD,303,random_018,identity,0.0,0.0,0.0,0.0,0.0,0.0,0.0,0.0,0.0
PPO_without_PD,303,random_019,identity,0.0,0.0,0.0,0.0,0.0,0.0,0.0,0.0,0.0
PPO_without_PD,303,random_020,identity,0.0,0.0,0.0,0.0,0.0,0.0,0.0,0.0,0.0
PPO_without_PD,303,random_021,identity,0.0,0.0,0.0,0.0,0.0,0.0,0.0,0.0,0.0
PPO_without_PD,303,random_022,identity,0.0,0.0,0.0,0.0,0.0,0.0,0.0,0.0,0.0
PPO_without_PD,303,random_023,identity,0.0,0.0,0.0,0.0,0.0,0.0,0.0,0.0,0.0
PPO_without_PD,303,random_024,identity,0.0,0.0,0.0,0.0,0.0,0.0,0.0,0.0,0.0
PPO_without_PD,303,random_025,identity,0.0,0.0,0.0,0.0,0.0,0.0,0.0,0.0,0.0
PPO_without_PD,303,random_026,identity,0.0,0.0,0.0,0.0,0.0,0.0,0.0,0.0,0.0
PPO_without_PD,303,random_027,identity,0.0,0.0,0.0,0.0,0.0,0.0,0.0,0.0,0.0
PPO_without_PD,303,random_028,identity,0.0,0.0,0.0,0.0,0.0,0.0,0.0,0.0,0.0
PPO_without_PD,303,random_029,identity,0.0,0.0,0.0,0.0,0.0,0.0,0.0,0.0,0.0
PPO_without_PD,303,random_030,identity,0.0,0.0,0.0,0.0,0.0,0.0,0.0,0.0,0.0
PPO_without_PD,303,random_031,identity,0.0,0.0,0.0,0.0,0.0,0.0,0.0,0.0,0.0
PPO_without_PD,404,macro_early,identity,0.0,0.0,0.0,0.0,0.0,0.0,0.0,0.0,0.0
PPO_without_PD,404,macro_late,identity,0.0,0.0,0.0,0.0,0.0,0.0,0.0,0.0,0.0
PPO_without_PD,404,macro_prolonged,identity,0.0,0.0,0.0,0.0,0.0,0.0,0.0,0.0,0.0
PPO_without_PD,404,macro_slow_recovery,identity,0.0,0.0,0.0,0.0,0.0,0.0,0.0,0.0,0.0
PPO_without_PD,404,macro_unexpected,identity,0.0,0.0,0.0,0.0,0.0,0.0,0.0,0.0,0.0
PPO_without_PD,404,macro_unexpected,pd_flat,0.0,0.0,0.0,0.0,0.0,0.0,0.0,0.0,0.0
PPO_without_PD,404,macro_unexpected,pd_lag,0.0,0.0,0.0,0.0,0.0,0.0,0.0,0.0,0.0
PPO_without_PD,404,macro_unexpected,pd_noise_high,0.0,0.0,0.0,0.0,0.0,0.0,0.0,0.0,0.0
PPO_without_PD,404,macro_unexpected,pd_noise_low,0.0,0.0,0.0,0.0,0.0,0.0,0.0,0.0,0.0
PPO_without_PD,404,macro_unexpected,pd_over,0.0,0.0,0.0,0.0,0.0,0.0,0.0,0.0,0.0
PPO_without_PD,404,macro_unexpected,pd_steep,0.0,0.0,0.0,0.0,0.0,0.0,0.0,0.0,0.0
PPO_without_PD,404,macro_unexpected,pd_under,0.0,0.0,0.0,0.0,0.0,0.0,0.0,0.0,0.0
PPO_without_PD,404,macro_unexpected,reporting_error,0.0,0.0,0.0,0.0,0.0,0.0,0.0,0.0,0.0
PPO_without_PD,404,nominal,identity,0.0,0.0,0.0,0.0,0.0,0.0,0.0,0.0,0.0
PPO_without_PD,404,nominal,pd_flat,0.0,0.0,0.0,0.0,0.0,0.0,0.0,0.0,0.0
PPO_without_PD,404,nominal,pd_lag,0.0,0.0,0.0,0.0,0.0,0.0,0.0,0.0,0.0
PPO_without_PD,404,nominal,pd_noise_high,0.0,0.0,0.0,0.0,0.0,0.0,0.0,0.0,0.0
PPO_without_PD,404,nominal,pd_noise_low,0.0,0.0,0.0,0.0,0.0,0.0,0.0,0.0,0.0
PPO_without_PD,404,nominal,pd_over,0.0,0.0,0.0,0.0,0.0,0.0,0.0,0.0,0.0
PPO_without_PD,404,nominal,pd_steep,0.0,0.0,0.0,0.0,0.0,0.0,0.0,0.0,0.0
PPO_without_PD,404,nominal,pd_under,0.0,0.0,0.0,0.0,0.0,0.0,0.0,0.0,0.0
PPO_without_PD,404,nominal,reporting_error,0.0,0.0,0.0,0.0,0.0,0.0,0.0,0.0,0.0
PPO_without_PD,404,oat_default_debt_to_income_high,identity,0.0,0.0,0.0,0.0,0.0,0.0,0.0,0.0,0.0
PPO_without_PD,404,oat_default_debt_to_income_low,identity,0.0,0.0,0.0,0.0,0.0,0.0,0.0,0.0,0.0
PPO_without_PD,404,oat_default_intercept_high,identity,0.0,0.0,0.0,0.0,0.0,0.0,0.0,0.0,0.0
PPO_without_PD,404,oat_default_intercept_low,identity,0.0,0.0,0.0,0.0,0.0,0.0,0.0,0.0,0.0
PPO_without_PD,404,oat_default_months_delinquent_high,identity,0.0,0.0,0.0,0.0,0.0,0.0,0.0,0.0,0.0
PPO_without_PD,404,oat_default_months_delinquent_low,identity,0.0,0.0,0.0,0.0,0.0,0.0,0.0,0.0,0.0
PPO_without_PD,404,oat_default_stress_high,identity,0.0,0.0,0.0,0.0,0.0,0.0,0.0,0.0,0.0
PPO_without_PD,404,oat_default_stress_low,identity,0.0,0.0,0.0,0.0,0.0,0.0,0.0,0.0,0.0
PPO_without_PD,404,oat_default_utilization_high,identity,0.0,0.0,0.0,0.0,0.0,0.0,0.0,0.0,0.0
PPO_without_PD,404,oat_default_utilization_low,identity,0.0,0.0,0.0,0.0,0.0,0.0,0.0,0.0,0.0
PPO_without_PD,404,oat_dynamics_income_sigma_high,identity,0.0,0.0,0.0,0.0,0.0,0.0,0.0,0.0,0.0
PPO_without_PD,404,oat_dynamics_income_sigma_low,identity,0.0,0.0,0.0,0.0,0.0,0.0,0.0,0.0,0.0
PPO_without_PD,404,oat_dynamics_missed_delinquency_high,identity,0.0,0.0,0.0,0.0,0.0,0.0,0.0,0.0,0.0
PPO_without_PD,404,oat_dynamics_missed_delinquency_low,identity,0.0,0.0,0.0,0.0,0.0,0.0,0.0,0.0,0.0
PPO_without_PD,404,oat_dynamics_payment_income_cap_high,identity,0.0,0.0,0.0,0.0,0.0,0.0,0.0,0.0,0.0
PPO_without_PD,404,oat_dynamics_payment_income_cap_low,identity,0.0,0.0,0.0,0.0,0.0,0.0,0.0,0.0,0.0
PPO_without_PD,404,oat_dynamics_payment_persistence_high,identity,0.0,0.0,0.0,0.0,0.0,0.0,0.0,0.0,0.0
PPO_without_PD,404,oat_dynamics_payment_persistence_low,identity,0.0,0.0,0.0,0.0,0.0,0.0,0.0,0.0,0.0
PPO_without_PD,404,oat_dynamics_spend_limit_elasticity_high,identity,0.0,0.0,0.0,0.0,0.0,0.0,0.0,0.0,0.0
PPO_without_PD,404,oat_dynamics_spend_limit_elasticity_low,identity,0.0,0.0,0.0,0.0,0.0,0.0,0.0,0.0,0.0
PPO_without_PD,404,oat_reference,identity,0.0,0.0,0.0,0.0,0.0,0.0,0.0,0.0,0.0
PPO_without_PD,404,random_000,identity,0.0,0.0,0.0,0.0,0.0,0.0,0.0,0.0,0.0
PPO_without_PD,404,random_000,pd_flat,0.0,0.0,0.0,0.0,0.0,0.0,0.0,0.0,0.0
PPO_without_PD,404,random_000,pd_lag,0.0,0.0,0.0,0.0,0.0,0.0,0.0,0.0,0.0
PPO_without_PD,404,random_000,pd_noise_high,0.0,0.0,0.0,0.0,0.0,0.0,0.0,0.0,0.0
PPO_without_PD,404,random_000,pd_noise_low,0.0,0.0,0.0,0.0,0.0,0.0,0.0,0.0,0.0
PPO_without_PD,404,random_000,pd_over,0.0,0.0,0.0,0.0,0.0,0.0,0.0,0.0,0.0
PPO_without_PD,404,random_000,pd_steep,0.0,0.0,0.0,0.0,0.0,0.0,0.0,0.0,0.0
PPO_without_PD,404,random_000,pd_under,0.0,0.0,0.0,0.0,0.0,0.0,0.0,0.0,0.0
PPO_without_PD,404,random_000,reporting_error,0.0,0.0,0.0,0.0,0.0,0.0,0.0,0.0,0.0
PPO_without_PD,404,random_001,identity,0.0,0.0,0.0,0.0,0.0,0.0,0.0,0.0,0.0
PPO_without_PD,404,random_002,identity,0.0,0.0,0.0,0.0,0.0,0.0,0.0,0.0,0.0
PPO_without_PD,404,random_003,identity,0.0,0.0,0.0,0.0,0.0,0.0,0.0,0.0,0.0
PPO_without_PD,404,random_004,identity,0.0,0.0,0.0,0.0,0.0,0.0,0.0,0.0,0.0
PPO_without_PD,404,random_005,identity,0.0,0.0,0.0,0.0,0.0,0.0,0.0,0.0,0.0
PPO_without_PD,404,random_006,identity,0.0,0.0,0.0,0.0,0.0,0.0,0.0,0.0,0.0
PPO_without_PD,404,random_007,identity,0.0,0.0,0.0,0.0,0.0,0.0,0.0,0.0,0.0
PPO_without_PD,404,random_008,identity,0.0,0.0,0.0,0.0,0.0,0.0,0.0,0.0,0.0
PPO_without_PD,404,random_009,identity,0.0,0.0,0.0,0.0,0.0,0.0,0.0,0.0,0.0
PPO_without_PD,404,random_010,identity,0.0,0.0,0.0,0.0,0.0,0.0,0.0,0.0,0.0
PPO_without_PD,404,random_011,identity,0.0,0.0,0.0,0.0,0.0,0.0,0.0,0.0,0.0
PPO_without_PD,404,random_012,identity,0.0,0.0,0.0,0.0,0.0,0.0,0.0,0.0,0.0
PPO_without_PD,404,random_013,identity,0.0,0.0,0.0,0.0,0.0,0.0,0.0,0.0,0.0
PPO_without_PD,404,random_014,identity,0.0,0.0,0.0,0.0,0.0,0.0,0.0,0.0,0.0
PPO_without_PD,404,random_015,identity,0.0,0.0,0.0,0.0,0.0,0.0,0.0,0.0,0.0
PPO_without_PD,404,random_016,identity,0.0,0.0,0.0,0.0,0.0,0.0,0.0,0.0,0.0
PPO_without_PD,404,random_017,identity,0.0,0.0,0.0,0.0,0.0,0.0,0.0,0.0,0.0
PPO_without_PD,404,random_018,identity,0.0,0.0,0.0,0.0,0.0,0.0,0.0,0.0,0.0
PPO_without_PD,404,random_019,identity,0.0,0.0,0.0,0.0,0.0,0.0,0.0,0.0,0.0
PPO_without_PD,404,random_020,identity,0.0,0.0,0.0,0.0,0.0,0.0,0.0,0.0,0.0
PPO_without_PD,404,random_021,identity,0.0,0.0,0.0,0.0,0.0,0.0,0.0,0.0,0.0
PPO_without_PD,404,random_022,identity,0.0,0.0,0.0,0.0,0.0,0.0,0.0,0.0,0.0
PPO_without_PD,404,random_023,identity,0.0,0.0,0.0,0.0,0.0,0.0,0.0,0.0,0.0
PPO_without_PD,404,random_024,identity,0.0,0.0,0.0,0.0,0.0,0.0,0.0,0.0,0.0
PPO_without_PD,404,random_025,identity,0.0,0.0,0.0,0.0,0.0,0.0,0.0,0.0,0.0
PPO_without_PD,404,random_026,identity,0.0,0.0,0.0,0.0,0.0,0.0,0.0,0.0,0.0
PPO_without_PD,404,random_027,identity,0.0,0.0,0.0,0.0,0.0,0.0,0.0,0.0,0.0
PPO_without_PD,404,random_028,identity,0.0,0.0,0.0,0.0,0.0,0.0,0.0,0.0,0.0
PPO_without_PD,404,random_029,identity,0.0,0.0,0.0,0.0,0.0,0.0,0.0,0.0,0.0
PPO_without_PD,404,random_030,identity,0.0,0.0,0.0,0.0,0.0,0.0,0.0,0.0,0.0
PPO_without_PD,404,random_031,identity,0.0,0.0,0.0,0.0,0.0,0.0,0.0,0.0,0.0
PPO_without_PD,505,macro_early,identity,0.0,0.0,0.0,0.0,0.0,0.0,0.0,0.0,0.0
PPO_without_PD,505,macro_late,identity,0.0,0.0,0.0,0.0,0.0,0.0,0.0,0.0,0.0
PPO_without_PD,505,macro_prolonged,identity,0.0,0.0,0.0,0.0,0.0,0.0,0.0,0.0,0.0
PPO_without_PD,505,macro_slow_recovery,identity,0.0,0.0,0.0,0.0,0.0,0.0,0.0,0.0,0.0
PPO_without_PD,505,macro_unexpected,identity,0.0,0.0,0.0,0.0,0.0,0.0,0.0,0.0,0.0
PPO_without_PD,505,macro_unexpected,pd_flat,0.0,0.0,0.0,0.0,0.0,0.0,0.0,0.0,0.0
PPO_without_PD,505,macro_unexpected,pd_lag,0.0,0.0,0.0,0.0,0.0,0.0,0.0,0.0,0.0
PPO_without_PD,505,macro_unexpected,pd_noise_high,0.0,0.0,0.0,0.0,0.0,0.0,0.0,0.0,0.0
PPO_without_PD,505,macro_unexpected,pd_noise_low,0.0,0.0,0.0,0.0,0.0,0.0,0.0,0.0,0.0
PPO_without_PD,505,macro_unexpected,pd_over,0.0,0.0,0.0,0.0,0.0,0.0,0.0,0.0,0.0
PPO_without_PD,505,macro_unexpected,pd_steep,0.0,0.0,0.0,0.0,0.0,0.0,0.0,0.0,0.0
PPO_without_PD,505,macro_unexpected,pd_under,0.0,0.0,0.0,0.0,0.0,0.0,0.0,0.0,0.0
PPO_without_PD,505,macro_unexpected,reporting_error,0.0,0.0,0.0,0.0,0.0,0.0,0.0,0.0,0.0
PPO_without_PD,505,nominal,identity,0.0,0.0,0.0,0.0,0.0,0.0,0.0,0.0,0.0
PPO_without_PD,505,nominal,pd_flat,0.0,0.0,0.0,0.0,0.0,0.0,0.0,0.0,0.0
PPO_without_PD,505,nominal,pd_lag,0.0,0.0,0.0,0.0,0.0,0.0,0.0,0.0,0.0
PPO_without_PD,505,nominal,pd_noise_high,0.0,0.0,0.0,0.0,0.0,0.0,0.0,0.0,0.0
PPO_without_PD,505,nominal,pd_noise_low,0.0,0.0,0.0,0.0,0.0,0.0,0.0,0.0,0.0
PPO_without_PD,505,nominal,pd_over,0.0,0.0,0.0,0.0,0.0,0.0,0.0,0.0,0.0
PPO_without_PD,505,nominal,pd_steep,0.0,0.0,0.0,0.0,0.0,0.0,0.0,0.0,0.0
PPO_without_PD,505,nominal,pd_under,0.0,0.0,0.0,0.0,0.0,0.0,0.0,0.0,0.0
PPO_without_PD,505,nominal,reporting_error,0.0,0.0,0.0,0.0,0.0,0.0,0.0,0.0,0.0
PPO_without_PD,505,oat_default_debt_to_income_high,identity,0.0,0.0,0.0,0.0,0.0,0.0,0.0,0.0,0.0
PPO_without_PD,505,oat_default_debt_to_income_low,identity,0.0,0.0,0.0,0.0,0.0,0.0,0.0,0.0,0.0
PPO_without_PD,505,oat_default_intercept_high,identity,0.0,0.0,0.0,0.0,0.0,0.0,0.0,0.0,0.0
PPO_without_PD,505,oat_default_intercept_low,identity,0.0,0.0,0.0,0.0,0.0,0.0,0.0,0.0,0.0
PPO_without_PD,505,oat_default_months_delinquent_high,identity,0.0,0.0,0.0,0.0,0.0,0.0,0.0,0.0,0.0
PPO_without_PD,505,oat_default_months_delinquent_low,identity,0.0,0.0,0.0,0.0,0.0,0.0,0.0,0.0,0.0
PPO_without_PD,505,oat_default_stress_high,identity,0.0,0.0,0.0,0.0,0.0,0.0,0.0,0.0,0.0
PPO_without_PD,505,oat_default_stress_low,identity,0.0,0.0,0.0,0.0,0.0,0.0,0.0,0.0,0.0
PPO_without_PD,505,oat_default_utilization_high,identity,0.0,0.0,0.0,0.0,0.0,0.0,0.0,0.0,0.0
PPO_without_PD,505,oat_default_utilization_low,identity,0.0,0.0,0.0,0.0,0.0,0.0,0.0,0.0,0.0
PPO_without_PD,505,oat_dynamics_income_sigma_high,identity,0.0,0.0,0.0,0.0,0.0,0.0,0.0,0.0,0.0
PPO_without_PD,505,oat_dynamics_income_sigma_low,identity,0.0,0.0,0.0,0.0,0.0,0.0,0.0,0.0,0.0
PPO_without_PD,505,oat_dynamics_missed_delinquency_high,identity,0.0,0.0,0.0,0.0,0.0,0.0,0.0,0.0,0.0
PPO_without_PD,505,oat_dynamics_missed_delinquency_low,identity,0.0,0.0,0.0,0.0,0.0,0.0,0.0,0.0,0.0
PPO_without_PD,505,oat_dynamics_payment_income_cap_high,identity,0.0,0.0,0.0,0.0,0.0,0.0,0.0,0.0,0.0
PPO_without_PD,505,oat_dynamics_payment_income_cap_low,identity,0.0,0.0,0.0,0.0,0.0,0.0,0.0,0.0,0.0
PPO_without_PD,505,oat_dynamics_payment_persistence_high,identity,0.0,0.0,0.0,0.0,0.0,0.0,0.0,0.0,0.0
PPO_without_PD,505,oat_dynamics_payment_persistence_low,identity,0.0,0.0,0.0,0.0,0.0,0.0,0.0,0.0,0.0
PPO_without_PD,505,oat_dynamics_spend_limit_elasticity_high,identity,0.0,0.0,0.0,0.0,0.0,0.0,0.0,0.0,0.0
PPO_without_PD,505,oat_dynamics_spend_limit_elasticity_low,identity,0.0,0.0,0.0,0.0,0.0,0.0,0.0,0.0,0.0
PPO_without_PD,505,oat_reference,identity,0.0,0.0,0.0,0.0,0.0,0.0,0.0,0.0,0.0
PPO_without_PD,505,random_000,identity,0.0,0.0,0.0,0.0,0.0,0.0,0.0,0.0,0.0
PPO_without_PD,505,random_000,pd_flat,0.0,0.0,0.0,0.0,0.0,0.0,0.0,0.0,0.0
PPO_without_PD,505,random_000,pd_lag,0.0,0.0,0.0,0.0,0.0,0.0,0.0,0.0,0.0
PPO_without_PD,505,random_000,pd_noise_high,0.0,0.0,0.0,0.0,0.0,0.0,0.0,0.0,0.0
PPO_without_PD,505,random_000,pd_noise_low,0.0,0.0,0.0,0.0,0.0,0.0,0.0,0.0,0.0
PPO_without_PD,505,random_000,pd_over,0.0,0.0,0.0,0.0,0.0,0.0,0.0,0.0,0.0
PPO_without_PD,505,random_000,pd_steep,0.0,0.0,0.0,0.0,0.0,0.0,0.0,0.0,0.0
PPO_without_PD,505,random_000,pd_under,0.0,0.0,0.0,0.0,0.0,0.0,0.0,0.0,0.0
PPO_without_PD,505,random_000,reporting_error,0.0,0.0,0.0,0.0,0.0,0.0,0.0,0.0,0.0
PPO_without_PD,505,random_001,identity,0.0,0.0,0.0,0.0,0.0,0.0,0.0,0.0,0.0
PPO_without_PD,505,random_002,identity,0.0,0.0,0.0,0.0,0.0,0.0,0.0,0.0,0.0
PPO_without_PD,505,random_003,identity,0.0,0.0,0.0,0.0,0.0,0.0,0.0,0.0,0.0
PPO_without_PD,505,random_004,identity,0.0,0.0,0.0,0.0,0.0,0.0,0.0,0.0,0.0
PPO_without_PD,505,random_005,identity,0.0,0.0,0.0,0.0,0.0,0.0,0.0,0.0,0.0
PPO_without_PD,505,random_006,identity,0.0,0.0,0.0,0.0,0.0,0.0,0.0,0.0,0.0
PPO_without_PD,505,random_007,identity,0.0,0.0,0.0,0.0,0.0,0.0,0.0,0.0,0.0
PPO_without_PD,505,random_008,identity,0.0,0.0,0.0,0.0,0.0,0.0,0.0,0.0,0.0
PPO_without_PD,505,random_009,identity,0.0,0.0,0.0,0.0,0.0,0.0,0.0,0.0,0.0
PPO_without_PD,505,random_010,identity,0.0,0.0,0.0,0.0,0.0,0.0,0.0,0.0,0.0
PPO_without_PD,505,random_011,identity,0.0,0.0,0.0,0.0,0.0,0.0,0.0,0.0,0.0
PPO_without_PD,505,random_012,identity,0.0,0.0,0.0,0.0,0.0,0.0,0.0,0.0,0.0
PPO_without_PD,505,random_013,identity,0.0,0.0,0.0,0.0,0.0,0.0,0.0,0.0,0.0
PPO_without_PD,505,random_014,identity,0.0,0.0,0.0,0.0,0.0,0.0,0.0,0.0,0.0
PPO_without_PD,505,random_015,identity,0.0,0.0,0.0,0.0,0.0,0.0,0.0,0.0,0.0
PPO_without_PD,505,random_016,identity,0.0,0.0,0.0,0.0,0.0,0.0,0.0,0.0,0.0
PPO_without_PD,505,random_017,identity,0.0,0.0,0.0,0.0,0.0,0.0,0.0,0.0,0.0
PPO_without_PD,505,random_018,identity,0.0,0.0,0.0,0.0,0.0,0.0,0.0,0.0,0.0
PPO_without_PD,505,random_019,identity,0.0,0.0,0.0,0.0,0.0,0.0,0.0,0.0,0.0
PPO_without_PD,505,random_020,identity,0.0,0.0,0.0,0.0,0.0,0.0,0.0,0.0,0.0
PPO_without_PD,505,random_021,identity,0.0,0.0,0.0,0.0,0.0,0.0,0.0,0.0,0.0
PPO_without_PD,505,random_022,identity,0.0,0.0,0.0,0.0,0.0,0.0,0.0,0.0,0.0
PPO_without_PD,505,random_023,identity,0.0,0.0,0.0,0.0,0.0,0.0,0.0,0.0,0.0
PPO_without_PD,505,random_024,identity,0.0,0.0,0.0,0.0,0.0,0.0,0.0,0.0,0.0
PPO_without_PD,505,random_025,identity,0.0,0.0,0.0,0.0,0.0,0.0,0.0,0.0,0.0
PPO_without_PD,505,random_026,identity,0.0,0.0,0.0,0.0,0.0,0.0,0.0,0.0,0.0
PPO_without_PD,505,random_027,identity,0.0,0.0,0.0,0.0,0.0,0.0,0.0,0.0,0.0
PPO_without_PD,505,random_028,identity,0.0,0.0,0.0,0.0,0.0,0.0,0.0,0.0,0.0
PPO_without_PD,505,random_029,identity,0.0,0.0,0.0,0.0,0.0,0.0,0.0,0.0,0.0
PPO_without_PD,505,random_030,identity,0.0,0.0,0.0,0.0,0.0,0.0,0.0,0.0,0.0
PPO_without_PD,505,random_031,identity,0.0,0.0,0.0,0.0,0.0,0.0,0.0,0.0,0.0
