world_id,policy,parameter,endpoint,parameter_value,value,delta_static,delta_myopic
oat_default_debt_to_income_high,AlwaysDecrease,default.debt_to_income,high,0.65,-1010.6843223920393,844.5738284147121,567.3147191882283
oat_default_debt_to_income_high,AlwaysDecrease20,default.debt_to_income,high,0.65,-821.2796674160745,1033.978483390677,756.7193741641931
oat_default_debt_to_income_high,AlwaysIncrease,default.debt_to_income,high,0.65,-2066.7811609112982,-211.52301010454676,-488.7821193310306
oat_default_debt_to_income_high,MyopicEconomic,default.debt_to_income,high,0.65,-1577.9990415802677,277.2591092264838,0.0
oat_default_debt_to_income_high,PDThreshold,default.debt_to_income,high,0.65,-1220.9541185721318,634.3040322346196,357.0449230081358
oat_default_debt_to_income_high,PPO,default.debt_to_income,high,0.65,-821.2796674160745,1033.978483390677,756.7193741641931
oat_default_debt_to_income_high,PPO_without_PD,default.debt_to_income,high,0.65,-821.2796674160745,1033.978483390677,756.7193741641931
oat_default_debt_to_income_high,Random,default.debt_to_income,high,0.65,-1702.3574937226256,152.9006570841259,-124.35845214235792
oat_default_debt_to_income_high,SIMULATOR_ONLY_ORACLE_Myopic,default.debt_to_income,high,0.65,-1644.77395814279,210.4841926639615,-66.77491656252232
oat_default_debt_to_income_high,Static,default.debt_to_income,high,0.65,-1855.2581508067515,0.0,-277.2591092264838
oat_default_debt_to_income_high,UtilizationPD,default.debt_to_income,high,0.65,-1207.71046121145,647.5476895953016,370.28858036881775
oat_default_debt_to_income_low,AlwaysDecrease,default.debt_to_income,low,0.3,-834.6898743920121,838.0612732183347,725.783795327136
oat_default_debt_to_income_low,AlwaysDecrease20,default.debt_to_income,low,0.3,-745.8401190035672,926.9110286067796,814.6335507155809
oat_default_debt_to_income_low,AlwaysIncrease,default.debt_to_income,low,0.3,-1986.883738604176,-314.1325909938291,-426.41006888502784
oat_default_debt_to_income_low,MyopicEconomic,default.debt_to_income,low,0.3,-1560.4736697191481,112.27747789119871,0.0
oat_default_debt_to_income_low,PDThreshold,default.debt_to_income,low,0.3,-1000.8405367752616,671.9106108350852,559.6331329438865
oat_default_debt_to_income_low,PPO,default.debt_to_income,low,0.3,-745.8401190035672,926.9110286067796,814.6335507155809
oat_default_debt_to_income_low,PPO_without_PD,default.debt_to_income,low,0.3,-745.8401190035672,926.9110286067796,814.6335507155809
oat_default_debt_to_income_low,Random,default.debt_to_income,low,0.3,-1540.7440067142197,132.0071408961271,19.729663004928398
oat_default_debt_to_income_low,SIMULATOR_ONLY_ORACLE_Myopic,default.debt_to_income,low,0.3,-1404.3312406874118,268.41990692293507,156.14242903173636
oat_default_debt_to_income_low,Static,default.debt_to_income,low,0.3,-1672.7511476103468,0.0,-112.27747789119871
oat_default_debt_to_income_low,UtilizationPD,default.debt_to_income,low,0.3,-1005.4104428824352,667.3407047279117,555.0632268367129
oat_default_intercept_high,AlwaysDecrease,default.intercept,high,-5.65,-1031.4696741213102,821.9872763999424,549.9072315688327
oat_default_intercept_high,AlwaysDecrease20,default.intercept,high,-5.65,-823.1148164454353,1030.3421340758173,758.2620892447076
oat_default_intercept_high,AlwaysIncrease,default.intercept,high,-5.65,-2109.0374364632635,-255.5804859420109,-527.6605307731206
oat_default_intercept_high,MyopicEconomic,default.intercept,high,-5.65,-1581.3769056901428,272.0800448311097,0.0
oat_default_intercept_high,PDThreshold,default.intercept,high,-5.65,-1244.1029809842148,609.3539695370378,337.27392470592804
oat_default_intercept_high,PPO,default.intercept,high,-5.65,-823.1148164454353,1030.3421340758173,758.2620892447076
oat_default_intercept_high,PPO_without_PD,default.intercept,high,-5.65,-823.1148164454353,1030.3421340758173,758.2620892447076
oat_default_intercept_high,Random,default.intercept,high,-5.65,-1646.9533856036144,206.5035649176382,-65.57647991347153
oat_default_intercept_high,SIMULATOR_ONLY_ORACLE_Myopic,default.intercept,high,-5.65,-1647.1222625656264,206.33468795562612,-65.7453568754836
oat_default_intercept_high,Static,default.intercept,high,-5.65,-1853.4569505212526,0.0,-272.0800448311097
oat_default_intercept_high,UtilizationPD,default.intercept,high,-5.65,-1230.8593236235329,622.5976268977197,350.51758206661
oat_default_intercept_low,AlwaysDecrease,default.intercept,low,-6.35,-831.141982198307,819.471084796085,705.3779926794002
oat_default_intercept_low,AlwaysDecrease20,default.intercept,low,-6.35,-734.2815994022646,916.3314675921274,802.2383754754426
oat_default_intercept_low,AlwaysIncrease,default.intercept,low,-6.35,-1960.7685806074921,-310.1555136131001,-424.2486057297849
oat_default_intercept_low,MyopicEconomic,default.intercept,low,-6.35,-1536.5199748777072,114.09309211668483,0.0
oat_default_intercept_low,PDThreshold,default.intercept,low,-6.35,-966.1241717452447,684.4888952491474,570.3958031324626
oat_default_intercept_low,PPO,default.intercept,low,-6.35,-734.2815994022646,916.3314675921274,802.2383754754426
oat_default_intercept_low,PPO_without_PD,default.intercept,low,-6.35,-734.2815994022646,916.3314675921274,802.2383754754426
oat_default_intercept_low,Random,default.intercept,low,-6.35,-1540.5388575483228,110.07420944606929,-4.01888267061554
oat_default_intercept_low,SIMULATOR_ONLY_ORACLE_Myopic,default.intercept,low,-6.35,-1210.5728932136635,440.04017378072854,325.9470816640437
oat_default_intercept_low,Static,default.intercept,low,-6.35,-1650.613066994392,0.0,-114.09309211668483
oat_default_intercept_low,UtilizationPD,default.intercept,low,-6.35,-952.7052057149863,697.9078612794058,583.814769162721
oat_default_months_delinquent_high,AlwaysDecrease,default.months_delinquent,high,0.85,-889.37914998577,969.9075898662754,691.6428637606941
oat_default_months_delinquent_high,AlwaysDecrease20,default.months_delinquent,high,0.85,-817.4835213263965,1041.8032185256488,763.5384924200677
oat_default_months_delinquent_high,AlwaysIncrease,default.months_delinquent,high,0.85,-2129.7555229808977,-270.46878312885224,-548.7335092344335
oat_default_months_delinquent_high,MyopicEconomic,default.months_delinquent,high,0.85,-1581.0220137464642,278.2647261055813,0.0
oat_default_months_delinquent_high,PDThreshold,default.months_delinquent,high,0.85,-1083.0345427315137,776.2521971205317,497.9874710149504
oat_default_months_delinquent_high,PPO,default.months_delinquent,high,0.85,-817.4835213263965,1041.8032185256488,763.5384924200677
oat_default_months_delinquent_high,PPO_without_PD,default.months_delinquent,high,0.85,-817.4835213263965,1041.8032185256488,763.5384924200677
oat_default_months_delinquent_high,Random,default.months_delinquent,high,0.85,-1605.9609242618794,253.32581559016603,-24.938910515415273
oat_default_months_delinquent_high,SIMULATOR_ONLY_ORACLE_Myopic,default.months_delinquent,high,0.85,-1580.4151666818846,278.8715731701609,0.6068470645795969
oat_default_months_delinquent_high,Static,default.months_delinquent,high,0.85,-1859.2867398520455,0.0,-278.2647261055813
oat_default_months_delinquent_high,UtilizationPD,default.months_delinquent,high,0.85,-1087.6044488386874,771.682291013358,493.41756490777675
oat_default_months_delinquent_low,AlwaysDecrease,default.months_delinquent,low,0.45,-852.633704333887,884.5865235269277,726.9915476484305
oat_default_months_delinquent_low,AlwaysDecrease20,default.months_delinquent,low,0.45,-790.8851797154367,946.335048145378,788.7400722668807
oat_default_months_delinquent_low,AlwaysIncrease,default.months_delinquent,low,0.45,-2186.802291606708,-449.58206374589327,-607.1770396243905
oat_default_months_delinquent_low,MyopicEconomic,default.months_delinquent,low,0.45,-1579.6252519823174,157.59497587849728,0.0
oat_default_months_delinquent_low,PDThreshold,default.months_delinquent,low,0.45,-986.6315137482702,750.5887141125445,592.9937382340472
oat_default_months_delinquent_low,PPO,default.months_delinquent,low,0.45,-790.8851797154367,946.335048145378,788.7400722668807
oat_default_months_delinquent_low,PPO_without_PD,default.months_delinquent,low,0.45,-790.8851797154367,946.335048145378,788.7400722668807
oat_default_months_delinquent_low,Random,default.months_delinquent,low,0.45,-1530.700429016715,206.5197988440998,48.924822965602516
oat_default_months_delinquent_low,SIMULATOR_ONLY_ORACLE_Myopic,default.months_delinquent,low,0.45,-1571.0311141664538,166.1891136943609,8.594137815863633
oat_default_months_delinquent_low,Static,default.months_delinquent,low,0.45,-1737.2202278608147,0.0,-157.59497587849728
oat_default_months_delinquent_low,UtilizationPD,default.months_delinquent,low,0.45,-991.2014198554436,746.018808005371,588.4238321268738
oat_default_stress_high,AlwaysDecrease,default.stress,high,1.3,-909.4275783597234,943.4581163752007,720.8973543213276
oat_default_stress_high,AlwaysDecrease20,default.stress,high,1.3,-796.8337644111527,1056.0519303237713,833.4911682698983
oat_default_stress_high,AlwaysIncrease,default.stress,high,1.3,-2178.680193743642,-325.79449900871805,-548.3552610625911
oat_default_stress_high,MyopicEconomic,default.stress,high,1.3,-1630.324932681051,222.56076205387308,0.0
oat_default_stress_high,PDThreshold,default.stress,high,1.3,-1139.4885706564999,713.3971240784242,490.83636202455114
oat_default_stress_high,PPO,default.stress,high,1.3,-796.8337644111527,1056.0519303237713,833.4911682698983
oat_default_stress_high,PPO_without_PD,default.stress,high,1.3,-796.8337644111527,1056.0519303237713,833.4911682698983
oat_default_stress_high,Random,default.stress,high,1.3,-1601.7148933653339,251.1708013695902,28.61003931571713
oat_default_stress_high,SIMULATOR_ONLY_ORACLE_Myopic,default.stress,high,1.3,-1636.1888030674966,216.6968916674275,-5.863870386445569
oat_default_stress_high,Static,default.stress,high,1.3,-1852.885694734924,0.0,-222.56076205387308
oat_default_stress_high,UtilizationPD,default.stress,high,1.3,-1126.244913295818,726.6407814391061,504.0800193852331
oat_default_stress_low,AlwaysDecrease,default.stress,low,0.6,-845.7479961676275,892.7872707176008,710.7865566203981
oat_default_stress_low,AlwaysDecrease20,default.stress,low,0.6,-784.279018508131,954.2562483770973,772.2555342798946
oat_default_stress_low,AlwaysIncrease,default.stress,low,0.6,-2067.698547723695,-329.16328083846656,-511.1639949356693
oat_default_stress_low,MyopicEconomic,default.stress,low,0.6,-1556.5345527880256,182.00071409720272,0.0
oat_default_stress_low,PDThreshold,default.stress,low,0.6,-1011.898658550877,726.6366083343513,544.6358942371486
oat_default_stress_low,PPO,default.stress,low,0.6,-784.279018508131,954.2562483770973,772.2555342798946
oat_default_stress_low,PPO_without_PD,default.stress,low,0.6,-784.279018508131,954.2562483770973,772.2555342798946
oat_default_stress_low,Random,default.stress,low,0.6,-1548.4823051231058,190.05296176212255,8.052247664919832
oat_default_stress_low,SIMULATOR_ONLY_ORACLE_Myopic,default.stress,low,0.6,-1527.2150174007986,211.32024948442972,29.319535387227006
oat_default_stress_low,Static,default.stress,low,0.6,-1738.5352668852283,0.0,-182.00071409720272
oat_default_stress_low,UtilizationPD,default.stress,low,0.6,-998.4796925206185,740.0555743646098,558.0548602674071
oat_default_utilization_high,AlwaysDecrease,default.utilization,high,1.65,-1072.0840843205388,786.921895950227,491.898854373444
oat_default_utilization_high,AlwaysDecrease20,default.utilization,high,1.65,-871.9868594872817,987.0191207834841,691.9960792067011
oat_default_utilization_high,AlwaysIncrease,default.utilization,high,1.65,-2066.0230456819118,-207.01706541114595,-502.040106987929
oat_default_utilization_high,MyopicEconomic,default.utilization,high,1.65,-1563.9829386939828,295.02304157678304,0.0
oat_default_utilization_high,PDThreshold,default.utilization,high,1.65,-1235.3479883289508,623.657991941815,328.63495036503195
oat_default_utilization_high,PPO,default.utilization,high,1.65,-871.9868594872817,987.0191207834841,691.9960792067011
oat_default_utilization_high,PPO_without_PD,default.utilization,high,1.65,-871.9868594872817,987.0191207834841,691.9960792067011
oat_default_utilization_high,Random,default.utilization,high,1.65,-1620.8373327839672,238.1686474867986,-56.85439408998445
oat_default_utilization_high,SIMULATOR_ONLY_ORACLE_Myopic,default.utilization,high,1.65,-1687.5095495670585,171.49643070370735,-123.5266108730757
oat_default_utilization_high,Static,default.utilization,high,1.65,-1859.0059802707658,0.0,-295.02304157678304
oat_default_utilization_high,UtilizationPD,default.utilization,high,1.65,-1239.9178944361242,619.0880858346416,324.0650442578585
oat_default_utilization_low,AlwaysDecrease,default.utilization,low,0.85,-829.9057892322513,838.6961498995726,828.6776267972444
oat_default_utilization_low,AlwaysDecrease20,default.utilization,low,0.85,-725.8496600115957,942.7522791202282,932.7337560179001
oat_default_utilization_low,AlwaysIncrease,default.utilization,low,0.85,-2086.3579832217392,-417.75604408991535,-427.77456719224347
oat_default_utilization_low,MyopicEconomic,default.utilization,low,0.85,-1658.5834160294958,10.018523102328118,0.0
oat_default_utilization_low,PDThreshold,default.utilization,low,0.85,-963.2059578910923,705.3959812407315,695.3774581384034
oat_default_utilization_low,PPO,default.utilization,low,0.85,-725.8496600115957,942.7522791202282,932.7337560179001
oat_default_utilization_low,PPO_without_PD,default.utilization,low,0.85,-725.8496600115957,942.7522791202282,932.7337560179001
oat_default_utilization_low,Random,default.utilization,low,0.85,-1536.7045966037863,131.8973425280376,121.87881942570948
oat_default_utilization_low,SIMULATOR_ONLY_ORACLE_Myopic,default.utilization,low,0.85,-1167.4199681573461,501.18197097447774,491.1634478721496
oat_default_utilization_low,Static,default.utilization,low,0.85,-1668.6019391318239,0.0,-10.018523102328118
oat_default_utilization_low,UtilizationPD,default.utilization,low,0.85,-967.7758639982658,700.8260751335581,690.80755203123
oat_dynamics_income_sigma_high,AlwaysDecrease,dynamics.income_sigma,high,0.04,-895.3767878089616,938.9254482809388,803.5633301290397
oat_dynamics_income_sigma_high,AlwaysDecrease20,dynamics.income_sigma,high,0.04,-799.2792752816758,1035.0229608082245,899.6608426563255
oat_dynamics_income_sigma_high,AlwaysIncrease,dynamics.income_sigma,high,0.04,-2146.698595921338,-312.3963598314376,-447.75847798333666
oat_dynamics_income_sigma_high,MyopicEconomic,dynamics.income_sigma,high,0.04,-1698.9401179380013,135.36211815189904,0.0
oat_dynamics_income_sigma_high,PDThreshold,dynamics.income_sigma,high,0.04,-1143.064307724941,691.2379283649593,555.8758102130603
oat_dynamics_income_sigma_high,PPO,dynamics.income_sigma,high,0.04,-799.2792752816758,1035.0229608082245,899.6608426563255
oat_dynamics_income_sigma_high,PPO_without_PD,dynamics.income_sigma,high,0.04,-799.2792752816758,1035.0229608082245,899.6608426563255
oat_dynamics_income_sigma_high,Random,dynamics.income_sigma,high,0.04,-1602.3089314384454,231.993304651455,96.63118649955595
oat_dynamics_income_sigma_high,SIMULATOR_ONLY_ORACLE_Myopic,dynamics.income_sigma,high,0.04,-1558.1792032705082,276.12303281939217,140.76091466749313
oat_dynamics_income_sigma_high,Static,dynamics.income_sigma,high,0.04,-1834.3022360899004,0.0,-135.36211815189904
oat_dynamics_income_sigma_high,UtilizationPD,dynamics.income_sigma,high,0.04,-1143.8359163381901,690.4663197517102,555.1042015998112
oat_dynamics_income_sigma_low,AlwaysDecrease,dynamics.income_sigma,low,0.018,-873.9434263221478,973.8051550729137,703.6773604184223
oat_dynamics_income_sigma_low,AlwaysDecrease20,dynamics.income_sigma,low,0.018,-792.0078356406766,1055.740745754385,785.6129510998935
oat_dynamics_income_sigma_low,AlwaysIncrease,dynamics.income_sigma,low,0.018,-2017.530818109509,-169.78223671444744,-439.9100313689389
oat_dynamics_income_sigma_low,MyopicEconomic,dynamics.income_sigma,low,0.018,-1577.62078674057,270.1277946544915,0.0
oat_dynamics_income_sigma_low,PDThreshold,dynamics.income_sigma,low,0.018,-1080.7684096365876,766.980171758474,496.85237710398246
oat_dynamics_income_sigma_low,PPO,dynamics.income_sigma,low,0.018,-792.0078356406766,1055.740745754385,785.6129510998935
oat_dynamics_income_sigma_low,PPO_without_PD,dynamics.income_sigma,low,0.018,-792.0078356406766,1055.740745754385,785.6129510998935
oat_dynamics_income_sigma_low,Random,dynamics.income_sigma,low,0.018,-1554.8484018845515,292.90017951051004,22.77238485601856
oat_dynamics_income_sigma_low,SIMULATOR_ONLY_ORACLE_Myopic,dynamics.income_sigma,low,0.018,-1461.062480315646,386.6861010794155,116.55830642492401
oat_dynamics_income_sigma_low,Static,dynamics.income_sigma,low,0.018,-1847.7485813950616,0.0,-270.1277946544915
oat_dynamics_income_sigma_low,UtilizationPD,dynamics.income_sigma,low,0.018,-1084.683069504125,763.0655118909367,492.9377172364452
oat_dynamics_missed_delinquency_high,AlwaysDecrease,dynamics.missed_delinquency,high,0.9,-950.8181706382932,903.4409543701299,827.7441922480955
oat_dynamics_missed_delinquency_high,AlwaysDecrease20,dynamics.missed_delinquency,high,0.9,-843.1802749842464,1011.0788500241767,935.3820879021423
oat_dynamics_missed_delinquency_high,AlwaysIncrease,dynamics.missed_delinquency,high,0.9,-2224.5477294258644,-370.2886044174413,-445.98536653947576
oat_dynamics_missed_delinquency_high,MyopicEconomic,dynamics.missed_delinquency,high,0.9,-1778.5623628863887,75.69676212203444,0.0
oat_dynamics_missed_delinquency_high,PDThreshold,dynamics.missed_delinquency,high,0.9,-1109.683637353753,744.57548765467,668.8787255326356
oat_dynamics_missed_delinquency_high,PPO,dynamics.missed_delinquency,high,0.9,-843.1802749842464,1011.0788500241767,935.3820879021423
oat_dynamics_missed_delinquency_high,PPO_without_PD,dynamics.missed_delinquency,high,0.9,-843.1802749842464,1011.0788500241767,935.3820879021423
oat_dynamics_missed_delinquency_high,Random,dynamics.missed_delinquency,high,0.9,-1654.3031553324358,199.95596967598726,124.25920755395282
oat_dynamics_missed_delinquency_high,SIMULATOR_ONLY_ORACLE_Myopic,dynamics.missed_delinquency,high,0.9,-1784.0887371155409,70.17038789288222,-5.526374229152225
oat_dynamics_missed_delinquency_high,Static,dynamics.missed_delinquency,high,0.9,-1854.259125008423,0.0,-75.69676212203444
oat_dynamics_missed_delinquency_high,UtilizationPD,dynamics.missed_delinquency,high,0.9,-1116.3776210851174,737.8815039233057,662.1847418012712
oat_dynamics_missed_delinquency_low,AlwaysDecrease,dynamics.missed_delinquency,low,0.35,-849.8240928006841,975.7313178054991,780.8520202683004
oat_dynamics_missed_delinquency_low,AlwaysDecrease20,dynamics.missed_delinquency,low,0.35,-791.4013455052732,1034.15406510091,839.2747675637113
oat_dynamics_missed_delinquency_low,AlwaysIncrease,dynamics.missed_delinquency,low,0.35,-2105.2280818780396,-279.6726712718564,-474.5519688090551
oat_dynamics_missed_delinquency_low,MyopicEconomic,dynamics.missed_delinquency,low,0.35,-1630.6761130689845,194.87929753719868,0.0
oat_dynamics_missed_delinquency_low,PDThreshold,dynamics.missed_delinquency,low,0.35,-1047.8175873900946,777.7378232160886,582.8585256788899
oat_dynamics_missed_delinquency_low,PPO,dynamics.missed_delinquency,low,0.35,-791.4013455052732,1034.15406510091,839.2747675637113
oat_dynamics_missed_delinquency_low,PPO_without_PD,dynamics.missed_delinquency,low,0.35,-791.4013455052732,1034.15406510091,839.2747675637113
oat_dynamics_missed_delinquency_low,Random,dynamics.missed_delinquency,low,0.35,-1524.9075985079471,300.64781209823605,105.76851456103736
oat_dynamics_missed_delinquency_low,SIMULATOR_ONLY_ORACLE_Myopic,dynamics.missed_delinquency,low,0.35,-1607.1041328186568,218.45127778752635,23.57198025032767
oat_dynamics_missed_delinquency_low,Static,dynamics.missed_delinquency,low,0.35,-1825.5554106061832,0.0,-194.87929753719868
oat_dynamics_missed_delinquency_low,UtilizationPD,dynamics.missed_delinquency,low,0.35,-1052.387493497268,773.1679171089152,578.2886195717165
oat_dynamics_payment_income_cap_high,AlwaysDecrease,dynamics.payment_income_cap,high,0.6,-852.7041835979933,994.4787987438237,752.0890099767446
oat_dynamics_payment_income_cap_high,AlwaysDecrease20,dynamics.payment_income_cap,high,0.6,-791.622470583326,1055.560511758491,813.1707229914118
oat_dynamics_payment_income_cap_high,AlwaysIncrease,dynamics.payment_income_cap,high,0.6,-1955.895327143052,-108.71234480123508,-351.10213356831423
oat_dynamics_payment_income_cap_high,MyopicEconomic,dynamics.payment_income_cap,high,0.6,-1604.7931935747379,242.38978876707915,0.0
oat_dynamics_payment_income_cap_high,PDThreshold,dynamics.payment_income_cap,high,0.6,-1085.3041109437181,761.8788713980989,519.4890826310198
oat_dynamics_payment_income_cap_high,PPO,dynamics.payment_income_cap,high,0.6,-791.622470583326,1055.560511758491,813.1707229914118
oat_dynamics_payment_income_cap_high,PPO_without_PD,dynamics.payment_income_cap,high,0.6,-791.622470583326,1055.560511758491,813.1707229914118
oat_dynamics_payment_income_cap_high,Random,dynamics.payment_income_cap,high,0.6,-1548.3288709005133,298.85411144130376,56.464322674224604
oat_dynamics_payment_income_cap_high,SIMULATOR_ONLY_ORACLE_Myopic,dynamics.payment_income_cap,high,0.6,-1532.3832076637584,314.7997746780586,72.40998591097946
oat_dynamics_payment_income_cap_high,Static,dynamics.payment_income_cap,high,0.6,-1847.182982341817,0.0,-242.38978876707915
oat_dynamics_payment_income_cap_high,UtilizationPD,dynamics.payment_income_cap,high,0.6,-1089.876181720233,757.306800621584,514.9170118545048
oat_dynamics_payment_income_cap_low,AlwaysDecrease,dynamics.payment_income_cap,low,0.4,-950.9130158128269,982.3393873012399,740.6551443635487
oat_dynamics_payment_income_cap_low,AlwaysDecrease20,dynamics.payment_income_cap,low,0.4,-817.3546533088913,1115.8977498051754,874.2135068674843
oat_dynamics_payment_income_cap_low,AlwaysIncrease,dynamics.payment_income_cap,low,0.4,-2211.5592033323333,-278.3068002182665,-519.9910431559576
oat_dynamics_payment_income_cap_low,MyopicEconomic,dynamics.payment_income_cap,low,0.4,-1691.5681601763756,241.68424293769112,0.0
oat_dynamics_payment_income_cap_low,PDThreshold,dynamics.payment_income_cap,low,0.4,-1183.3790336951572,749.8733694189095,508.1891264812184
oat_dynamics_payment_income_cap_low,PPO,dynamics.payment_income_cap,low,0.4,-817.3546533088913,1115.8977498051754,874.2135068674843
oat_dynamics_payment_income_cap_low,PPO_without_PD,dynamics.payment_income_cap,low,0.4,-817.3546533088913,1115.8977498051754,874.2135068674843
oat_dynamics_payment_income_cap_low,Random,dynamics.payment_income_cap,low,0.4,-1615.8969146097807,317.3554885042861,75.67124556659496
oat_dynamics_payment_income_cap_low,SIMULATOR_ONLY_ORACLE_Myopic,dynamics.payment_income_cap,low,0.4,-1627.2327081021276,306.0196950119391,64.335452074248
oat_dynamics_payment_income_cap_low,Static,dynamics.payment_income_cap,low,0.4,-1933.2524031140667,0.0,-241.68424293769112
oat_dynamics_payment_income_cap_low,UtilizationPD,dynamics.payment_income_cap,low,0.4,-1168.1490146978956,765.1033884161711,523.41914547848
oat_dynamics_payment_persistence_high,AlwaysDecrease,dynamics.payment_persistence,high,0.75,-1008.6063028720341,986.6313924482183,1079.4946177037223
oat_dynamics_payment_persistence_high,AlwaysDecrease20,dynamics.payment_persistence,high,0.75,-797.1557317033576,1198.0819636168949,1290.9451888723988
oat_dynamics_payment_persistence_high,AlwaysIncrease,dynamics.payment_persistence,high,0.75,-2386.9089661595567,-391.67127083930427,-298.8080455838003
oat_dynamics_payment_persistence_high,MyopicEconomic,dynamics.payment_persistence,high,0.75,-2088.1009205757564,-92.86322525550395,0.0
oat_dynamics_payment_persistence_high,PDThreshold,dynamics.payment_persistence,high,0.75,-1323.7743615936156,671.4633337266368,764.3265589821408
oat_dynamics_payment_persistence_high,PPO,dynamics.payment_persistence,high,0.75,-797.1557317033576,1198.0819636168949,1290.9451888723988
oat_dynamics_payment_persistence_high,PPO_without_PD,dynamics.payment_persistence,high,0.75,-797.1557317033576,1198.0819636168949,1290.9451888723988
oat_dynamics_payment_persistence_high,Random,dynamics.payment_persistence,high,0.75,-1740.9507227148406,254.28697260541185,347.1501978609158
oat_dynamics_payment_persistence_high,SIMULATOR_ONLY_ORACLE_Myopic,dynamics.payment_persistence,high,0.75,-1932.03353371255,63.20416160770242,156.06738686320637
oat_dynamics_payment_persistence_high,Static,dynamics.payment_persistence,high,0.75,-1995.2376953202524,0.0,92.86322525550395
oat_dynamics_payment_persistence_high,UtilizationPD,dynamics.payment_persistence,high,0.75,-1328.3665524157896,666.8711429044629,759.7343681599668
oat_dynamics_payment_persistence_low,AlwaysDecrease,dynamics.payment_persistence,low,0.25,-727.6618411716876,954.1516975131682,513.0948187358282
oat_dynamics_payment_persistence_low,AlwaysDecrease20,dynamics.payment_persistence,low,0.25,-795.9962292294706,885.8173094553852,444.76043067804517
oat_dynamics_payment_persistence_low,AlwaysIncrease,dynamics.payment_persistence,low,0.25,-1804.3439584724163,-122.5304197875605,-563.5872985649005
oat_dynamics_payment_persistence_low,MyopicEconomic,dynamics.payment_persistence,low,0.25,-1240.7566599075158,441.05687877734,0.0
oat_dynamics_payment_persistence_low,PDThreshold,dynamics.payment_persistence,low,0.25,-896.1991302227309,785.6144084621249,344.55752968478487
oat_dynamics_payment_persistence_low,PPO,dynamics.payment_persistence,low,0.25,-795.9962292294706,885.8173094553852,444.76043067804517
oat_dynamics_payment_persistence_low,PPO_without_PD,dynamics.payment_persistence,low,0.25,-795.9962292294706,885.8173094553852,444.76043067804517
oat_dynamics_payment_persistence_low,Random,dynamics.payment_persistence,low,0.25,-1532.7631915164511,149.05034716840464,-292.00653160893535
oat_dynamics_payment_persistence_low,SIMULATOR_ONLY_ORACLE_Myopic,dynamics.payment_persistence,low,0.25,-1393.3518330692268,288.46170561562894,-152.59517316171105
oat_dynamics_payment_persistence_low,Static,dynamics.payment_persistence,low,0.25,-1681.8135386848558,0.0,-441.05687877734
oat_dynamics_payment_persistence_low,UtilizationPD,dynamics.payment_persistence,low,0.25,-838.8025354755542,843.0110032093015,401.95412443196153
oat_dynamics_spend_limit_elasticity_high,AlwaysDecrease,dynamics.spend_limit_elasticity,high,0.3,-871.7950565981844,972.6667235071002,788.8971293268412
oat_dynamics_spend_limit_elasticity_high,AlwaysDecrease20,dynamics.spend_limit_elasticity,high,0.3,-788.7894285414279,1055.6723515638566,871.9027573835976
oat_dynamics_spend_limit_elasticity_high,AlwaysIncrease,dynamics.spend_limit_elasticity,high,0.3,-2286.376148706914,-441.9143686016296,-625.6839627818886
oat_dynamics_spend_limit_elasticity_high,MyopicEconomic,dynamics.spend_limit_elasticity,high,0.3,-1660.6921859250256,183.769594180259,0.0
oat_dynamics_spend_limit_elasticity_high,PDThreshold,dynamics.spend_limit_elasticity,high,0.3,-1064.0402450568383,780.4215350484462,596.6519408681872
oat_dynamics_spend_limit_elasticity_high,PPO,dynamics.spend_limit_elasticity,high,0.3,-788.7894285414279,1055.6723515638566,871.9027573835976
oat_dynamics_spend_limit_elasticity_high,PPO_without_PD,dynamics.spend_limit_elasticity,high,0.3,-788.7894285414279,1055.6723515638566,871.9027573835976
oat_dynamics_spend_limit_elasticity_high,Random,dynamics.spend_limit_elasticity,high,0.3,-1669.0163014215195,175.44547868376503,-8.32411549649396
oat_dynamics_spend_limit_elasticity_high,SIMULATOR_ONLY_ORACLE_Myopic,dynamics.spend_limit_elasticity,high,0.3,-1213.8346836587666,630.627096446518,446.85750226625896
oat_dynamics_spend_limit_elasticity_high,Static,dynamics.spend_limit_elasticity,high,0.3,-1844.4617801052846,0.0,-183.769594180259
oat_dynamics_spend_limit_elasticity_high,UtilizationPD,dynamics.spend_limit_elasticity,high,0.3,-1069.2339379635514,775.2278421417332,591.4582479614742
oat_dynamics_spend_limit_elasticity_low,AlwaysDecrease,dynamics.spend_limit_elasticity,low,0.05,-883.7840051913485,960.6777749139361,761.2401522096278
oat_dynamics_spend_limit_elasticity_low,AlwaysDecrease20,dynamics.spend_limit_elasticity,low,0.05,-796.7712544521664,1047.6905256531181,848.2529029488098
oat_dynamics_spend_limit_elasticity_low,AlwaysIncrease,dynamics.spend_limit_elasticity,low,0.05,-2066.731625487678,-222.2698453823932,-421.7074680867015
oat_dynamics_spend_limit_elasticity_low,MyopicEconomic,dynamics.spend_limit_elasticity,low,0.05,-1645.0241574009763,199.4376227043083,0.0
oat_dynamics_spend_limit_elasticity_low,PDThreshold,dynamics.spend_limit_elasticity,low,0.05,-1078.1236257852888,766.3381543199957,566.9005316156874
oat_dynamics_spend_limit_elasticity_low,PPO,dynamics.spend_limit_elasticity,low,0.05,-796.7712544521664,1047.6905256531181,848.2529029488098
oat_dynamics_spend_limit_elasticity_low,PPO_without_PD,dynamics.spend_limit_elasticity,low,0.05,-796.7712544521664,1047.6905256531181,848.2529029488098
oat_dynamics_spend_limit_elasticity_low,Random,dynamics.spend_limit_elasticity,low,0.05,-1549.9297385260702,294.53204157921436,95.09441887490607
oat_dynamics_spend_limit_elasticity_low,SIMULATOR_ONLY_ORACLE_Myopic,dynamics.spend_limit_elasticity,low,0.05,-1515.963682021655,328.49809808362966,129.06047537932136
oat_dynamics_spend_limit_elasticity_low,Static,dynamics.spend_limit_elasticity,low,0.05,-1844.4617801052846,0.0,-199.4376227043083
oat_dynamics_spend_limit_elasticity_low,UtilizationPD,dynamics.spend_limit_elasticity,low,0.05,-1082.0014491916702,762.4603309136144,563.0227082093061
oat_reference,AlwaysDecrease,,reference,,-874.9150005215711,969.5467795837135,758.3708942169401
oat_reference,AlwaysDecrease20,,reference,,-794.0342662451696,1050.427513860115,839.2516284933415
oat_reference,AlwaysIncrease,,reference,,-2167.503002035007,-323.04122192972227,-534.2171072964957
oat_reference,MyopicEconomic,,reference,,-1633.2858947385112,211.1758853667734,0.0
oat_reference,PDThreshold,,reference,,-1067.9161497585392,776.5456303467454,565.369744979972
oat_reference,PPO,,reference,,-794.0342662451696,1050.427513860115,839.2516284933415
oat_reference,PPO_without_PD,,reference,,-794.0342662451696,1050.427513860115,839.2516284933415
oat_reference,Random,,reference,,-1551.307837618387,293.15394248689745,81.97805712012405
oat_reference,SIMULATOR_ONLY_ORACLE_Myopic,,reference,,-1636.6840081571818,207.77777194810278,-3.3981134186706186
oat_reference,Static,,reference,,-1844.4617801052846,0.0,-211.1758853667734
oat_reference,UtilizationPD,,reference,,-1072.4860558657128,771.9757242395717,560.7998388727983
