scenario,policy,seed,customers,reached_fraction,mean_first_floor_month_among_reachers,observed_transition_floor_fraction,scheduled_episode_floor_fraction,already_at_floor_fraction,partial_minus20,no_effect_minus20,no_effect_nonhold,censored_fraction,blocked_increases
baseline,AlwaysDecrease20,-1,300,0.41,11.788617886178862,0.34768568353067814,0.17944444444444443,0.0,123,0,0,0.03310010764262648,0
baseline,MyopicEconomic,-1,300,0.0,,0.0,0.0,0.0,0,0,0,0.05228055077452668,0
baseline,PDThreshold,-1,300,0.0033333333333333335,5.0,0.0009376465072667605,0.0005555555555555556,0.0,0,0,0,0.015471167369901548,0
baseline,PPO,101,300,0.41,11.788617886178862,0.34768568353067814,0.17944444444444443,0.0,1292,1169,1169,0.34768568353067814,0
baseline,PPO,202,300,0.41,11.788617886178862,0.34768568353067814,0.17944444444444443,0.0,1292,1169,1169,0.34768568353067814,0
baseline,PPO,303,300,0.41,11.788617886178862,0.34768568353067814,0.17944444444444443,0.0,1292,1169,1169,0.34768568353067814,0
baseline,Static,-1,300,0.0,,0.0,0.0,0.0,0,0,0,0.0,0
severe_stress,AlwaysDecrease20,-1,300,0.13666666666666666,11.024390243902438,0.11390134529147983,0.035277777777777776,0.0,41,0,0,0.018385650224215247,0
severe_stress,MyopicEconomic,-1,300,0.0,,0.0,0.0,0.0,0,0,0,0.06587222773915923,0
severe_stress,PDThreshold,-1,300,0.0033333333333333335,5.0,0.0007564296520423601,0.0002777777777777778,0.0,0,0,0,0.007564296520423601,0
severe_stress,PPO,101,300,0.13666666666666666,11.024390243902438,0.11390134529147983,0.035277777777777776,0.0,254,213,213,0.11390134529147983,0
severe_stress,PPO,202,300,0.13666666666666666,11.024390243902438,0.11390134529147983,0.035277777777777776,0.0,254,213,213,0.11390134529147983,0
severe_stress,PPO,303,300,0.13666666666666666,11.024390243902438,0.11390134529147983,0.035277777777777776,0.0,254,213,213,0.11390134529147983,0
severe_stress,Static,-1,300,0.0,,0.0,0.0,0.0,0,0,0,0.0,0
