experiment_id,status,reason,seed,budget,selected_epoch,parameters
C2_separate_features,not_applicable,Canonical actor and critic already have separate learned feature networks,,,,
Imitation_128x128,complete,public-state supervised diagnostic,101.0,300.0,200.0,"{""architectures"": [[64, 64], [128, 128]], ""batch_size"": 128, ""features"": ""Only exact 21D public observations; frozen Phase B F0 teacher."", ""learning_rate"": 0.001, ""selection"": ""Minimum validation cross entropy, earliest tie; no test selection.""}"
Imitation_128x128,complete,public-state supervised diagnostic,202.0,300.0,220.0,"{""architectures"": [[64, 64], [128, 128]], ""batch_size"": 128, ""features"": ""Only exact 21D public observations; frozen Phase B F0 teacher."", ""learning_rate"": 0.001, ""selection"": ""Minimum validation cross entropy, earliest tie; no test selection.""}"
Imitation_128x128,complete,public-state supervised diagnostic,303.0,300.0,300.0,"{""architectures"": [[64, 64], [128, 128]], ""batch_size"": 128, ""features"": ""Only exact 21D public observations; frozen Phase B F0 teacher."", ""learning_rate"": 0.001, ""selection"": ""Minimum validation cross entropy, earliest tie; no test selection.""}"
Imitation_128x128,complete,public-state supervised diagnostic,404.0,300.0,280.0,"{""architectures"": [[64, 64], [128, 128]], ""batch_size"": 128, ""features"": ""Only exact 21D public observations; frozen Phase B F0 teacher."", ""learning_rate"": 0.001, ""selection"": ""Minimum validation cross entropy, earliest tie; no test selection.""}"
Imitation_128x128,complete,public-state supervised diagnostic,505.0,300.0,290.0,"{""architectures"": [[64, 64], [128, 128]], ""batch_size"": 128, ""features"": ""Only exact 21D public observations; frozen Phase B F0 teacher."", ""learning_rate"": 0.001, ""selection"": ""Minimum validation cross entropy, earliest tie; no test selection.""}"
Imitation_64x64,complete,public-state supervised diagnostic,101.0,300.0,290.0,"{""architectures"": [[64, 64], [128, 128]], ""batch_size"": 128, ""features"": ""Only exact 21D public observations; frozen Phase B F0 teacher."", ""learning_rate"": 0.001, ""selection"": ""Minimum validation cross entropy, earliest tie; no test selection.""}"
Imitation_64x64,complete,public-state supervised diagnostic,202.0,300.0,290.0,"{""architectures"": [[64, 64], [128, 128]], ""batch_size"": 128, ""features"": ""Only exact 21D public observations; frozen Phase B F0 teacher."", ""learning_rate"": 0.001, ""selection"": ""Minimum validation cross entropy, earliest tie; no test selection.""}"
Imitation_64x64,complete,public-state supervised diagnostic,303.0,300.0,300.0,"{""architectures"": [[64, 64], [128, 128]], ""batch_size"": 128, ""features"": ""Only exact 21D public observations; frozen Phase B F0 teacher."", ""learning_rate"": 0.001, ""selection"": ""Minimum validation cross entropy, earliest tie; no test selection.""}"
Imitation_64x64,complete,public-state supervised diagnostic,404.0,300.0,270.0,"{""architectures"": [[64, 64], [128, 128]], ""batch_size"": 128, ""features"": ""Only exact 21D public observations; frozen Phase B F0 teacher."", ""learning_rate"": 0.001, ""selection"": ""Minimum validation cross entropy, earliest tie; no test selection.""}"
Imitation_64x64,complete,public-state supervised diagnostic,505.0,300.0,300.0,"{""architectures"": [[64, 64], [128, 128]], ""batch_size"": 128, ""features"": ""Only exact 21D public observations; frozen Phase B F0 teacher."", ""learning_rate"": 0.001, ""selection"": ""Minimum validation cross entropy, earliest tie; no test selection.""}"
C4_supervised_mc_value,complete,fixed-implementation benchmark; never substituted into PPO,584901.0,100.0,,"{""categorical_features"": ""from_dtype"", ""early_stopping"": false, ""interaction_cst"": null, ""l2_regularization"": 0.0, ""learning_rate"": 0.1, ""loss"": ""squared_error"", ""max_bins"": 255, ""max_depth"": null, ""max_features"": 1.0, ""max_iter"": 100, ""max_leaf_nodes"": 7, ""min_samples_leaf"": 12, ""monotonic_cst"": null, ""n_iter_no_change"": 10, ""quantile"": null, ""random_state"": 584901, ""scoring"": ""loss"", ""tol"": 1e-07, ""validation_fraction"": 0.1, ""verbose"": 0, ""warm_start"": false}"
