budget,policy,world,customers,seeds,mean_exposure,mean_limit,loss_cvar95,net_economic_value,net_economic_value_lower,net_economic_value_upper,discounted_reward,discounted_reward_lower,discounted_reward_upper,credit_loss,credit_loss_lower,credit_loss_upper,defaulted,defaulted_lower,defaulted_upper,diversity,teacher_regret,agreement,contraction_share,hold_share,increase_share
32768,AlwaysDecrease20,behavioral_shift,150,5,2484.956386381697,2658.160463709724,3585.8062714320918,-785.3708451892951,-964.3580619705914,-617.8899521236798,-2070.587933552054,-2322.5094477440402,-1824.3586397562835,1068.866704525103,915.1497867301549,1232.0218662324783,0.7533333333333333,0.68,0.82,0.3114285714285714,8.129959009954222,0.6394285714285715,0.6885714285714286,0.31142857142857144,0.0
32768,AlwaysDecrease20,nominal,150,5,2509.457378762269,2643.7169001951665,3601.880071343865,-787.5551500586804,-965.16058020968,-620.4531952625618,-2106.994617955741,-2372.23297346443,-1850.476231673178,1075.3994724435809,917.3838486948843,1240.9996779834787,0.7533333333333333,0.68,0.82,0.3134920634920635,7.873039277850292,0.6343537414965986,0.6865079365079365,0.3134920634920635,0.0
32768,AlwaysDecrease20,population_shift,150,5,2786.2384890174676,2997.408201764926,3929.2320483593894,-1047.2116478169337,-1236.3937172726503,-873.2924327389371,-2299.3356106084193,-2552.977789835146,-2053.1380513448116,1293.9147288468578,1131.3659555230793,1470.1833994430724,0.84,0.78,0.8933333333333333,0.26698695950583395,7.871961888910546,0.668496911461908,0.733013040494166,0.2669869595058339,0.0
32768,AlwaysDecrease20,risk_shift,150,5,2542.772572330711,2755.5870200493014,3562.882043318306,-828.8711384805141,-1009.8983996842077,-656.9722664520498,-2041.2946274906235,-2290.1851937311444,-1805.5655968580381,1100.3605587831676,941.2115482641703,1265.7255690545946,0.7666666666666667,0.6933333333333334,0.8333333333333334,0.30833833233353325,8.061491531395143,0.6280743851229754,0.6916616676664668,0.3083383323335333,0.0
32768,AlwaysDecrease20,severe_stress,150,5,2939.734194414695,3188.973279589545,3633.588618031893,-1245.694783563233,-1387.7070920062026,-1116.5636242692658,-2545.0084933370254,-2786.404168326717,-2324.85346720721,1461.6736832024133,1324.9465645669316,1606.0119620109454,0.9733333333333334,0.9466666666666667,0.9933333333333333,0.07371483996120276,4.589793219497344,0.8176527643064986,0.9262851600387971,0.07371483996120272,0.0
32768,BCInitPPO,behavioral_shift,150,5,2379.470394923631,2663.238315978837,3569.185857661826,-634.9038718112197,-821.2049263338896,-458.41279570223674,-2026.2906859681657,-2275.5229597774555,-1784.7549217333656,957.0158496273266,794.9185771349546,1125.8882292946516,0.6786666666666666,0.604,0.7533333333333333,0.45643186194030905,6.462578101687775,0.6448126716299584,0.543568138059691,0.2335536858618788,0.08243369751571258
32768,BCInitPPO,nominal,150,5,2361.0779276905673,2621.398221000689,3478.592211820997,-586.9194161706647,-771.4609398797401,-403.97794721786556,-2024.085046164219,-2279.755729808389,-1777.869551021848,921.6369282006879,762.3122232460986,1088.1673897118765,0.6533333333333333,0.576,0.7306666666666667,0.46731795202083565,6.212607415767889,0.6438274238094146,0.5326820479791643,0.22686788542171937,0.08967562650689187
32768,BCInitPPO,population_shift,150,5,2666.6008890351927,2979.7785860064305,3812.754562514767,-883.4003081379096,-1082.420167472802,-698.5681816667383,-2244.280963299593,-2497.3369958589224,-1996.7241517813522,1170.5120646663888,1004.0291117610162,1351.7351428423715,0.768,0.7,0.8333666666666665,0.45126303989489713,6.588862114264222,0.660318154831817,0.548736960105103,0.20406240139367254,0.07803050246470729
32768,BCInitPPO,risk_shift,150,5,2393.169746800871,2703.4613749550617,3447.1477612611143,-628.3840335255055,-815.9712282247159,-444.5347683112997,-1968.4013741790352,-2203.5779719785446,-1734.308340658036,947.8804940930598,783.2346134945683,1113.1445910969219,0.6733333333333333,0.5973,0.7480333333333331,0.4574470891183335,5.970685382643119,0.6504356058675601,0.5425529108816665,0.21467009866552447,0.09151138673854654
32768,BCInitPPO,severe_stress,150,5,2881.494159934039,3216.82879281087,3629.6248078047947,-1182.2987974826742,-1332.2223987299355,-1039.8421781825384,-2567.7853676239133,-2812.971487141438,-2345.796121613417,1415.3937872810898,1275.7779944313086,1565.1121633336961,0.9493333333333334,0.912,0.9813333333333333,0.33878460491194673,6.648793572176153,0.7518669564290859,0.6612153950880534,0.17919885259424245,0.02321746367373968
32768,BCRegularizedPPO,behavioral_shift,150,5,2382.6212581160657,2642.076573860582,3574.020977187907,-649.1812602683914,-837.4323721846101,-474.3855930803594,-2028.5172316125036,-2281.8688615771493,-1785.3312084264992,966.736756998521,808.8324697611282,1134.741031147495,0.6853333333333333,0.6093333333333333,0.7573666666666664,0.3932829267781922,5.84972488060706,0.6423381561876191,0.6067170732218078,0.20051953668992145,0.06227130011014215
32768,BCRegularizedPPO,nominal,150,5,2350.514009835565,2601.3406424067202,3487.493504268258,-586.7555794110326,-770.5603026358042,-406.5177998666403,-2010.4228837127926,-2260.9487377358882,-1762.799228945276,917.8079226672569,757.9812791702805,1080.7926122473605,0.6493333333333333,0.5706666666666667,0.7253333333333334,0.4070753975105732,5.995789588120661,0.6318145254996819,0.5929246024894268,0.1995085150596047,0.06886773006175717
32768,BCRegularizedPPO,population_shift,150,5,2657.3550520133517,2963.737950440264,3827.9012574110707,-882.5078413533732,-1081.921780716362,-689.2424136572864,-2229.8094827215205,-2476.72687339952,-1981.1436287924275,1166.5399961567466,996.8601526901384,1346.293482635334,0.764,0.6946666666666667,0.8280333333333331,0.3961729230194493,6.354714892972955,0.6563206034127719,0.6038270769805507,0.18230382816335972,0.06265284481548686
32768,BCRegularizedPPO,risk_shift,150,5,2380.9753426516595,2683.2118762877594,3455.0748009001077,-625.309490676605,-813.5240718050052,-445.5506765826877,-1958.881359555273,-2192.59750551242,-1728.7428815770065,942.263873031351,779.9021776254484,1107.9264492653156,0.664,0.5893333333333334,0.74,0.3991239319647244,5.867449386749253,0.6346362107810395,0.6008760680352756,0.1892502700797658,0.06994713949895877
32768,BCRegularizedPPO,severe_stress,150,5,2882.2669581005343,3201.5970355311583,3631.028955751787,-1184.6227169517315,-1334.2987306745856,-1042.3500777897996,-2562.413432356138,-2807.86728281568,-2341.1191320721305,1416.4288813593469,1276.7459054522858,1565.2438343625333,0.9493333333333334,0.9133333333333333,0.9813333333333333,0.30985872905970957,5.068446757541151,0.7712272514571163,0.6901412709402905,0.16355228071310948,0.016423130244865074
32768,CanonicalPPO,behavioral_shift,150,5,2484.956386381697,2658.160463709724,3585.8062714320918,-785.3708451892951,-964.3580619705914,-617.8899521236798,-2070.587933552054,-2322.5094477440402,-1824.3586397562835,1068.866704525103,915.1497867301549,1232.0218662324783,0.7533333333333333,0.68,0.82,0.0,8.129959009954222,0.5165714285714286,1.0,0.0,0.0
32768,CanonicalPPO,nominal,150,5,2509.457378762269,2643.7169001951665,3601.880071343865,-787.5551500586804,-965.16058020968,-620.4531952625618,-2106.994617955741,-2372.23297346443,-1850.476231673178,1075.3994724435809,917.3838486948843,1240.9996779834787,0.7533333333333333,0.68,0.82,0.0,7.873039277850292,0.5119047619047619,1.0,0.0,0.0
32768,CanonicalPPO,population_shift,150,5,2786.2384890174676,2997.408201764926,3929.2320483593894,-1047.2116478169337,-1236.3937172726503,-873.2924327389371,-2299.3356106084193,-2552.977789835146,-2053.1380513448116,1293.9147288468578,1131.3659555230793,1470.1833994430724,0.84,0.78,0.8933333333333333,0.0,7.871961888910546,0.5593685655456417,1.0,0.0,0.0
32768,CanonicalPPO,risk_shift,150,5,2542.772572330711,2755.5870200493014,3562.882043318306,-828.8711384805141,-1009.8983996842077,-656.9722664520498,-2041.2946274906235,-2290.1851937311444,-1805.5655968580381,1100.3605587831676,941.2115482641703,1265.7255690545946,0.7666666666666667,0.6933333333333334,0.8333333333333334,0.0,8.061491531395143,0.5134973005398921,1.0,0.0,0.0
32768,CanonicalPPO,severe_stress,150,5,2939.734194414695,3188.973279589545,3633.588618031893,-1245.694783563233,-1387.7070920062026,-1116.5636242692658,-2545.0084933370254,-2786.404168326717,-2324.85346720721,1461.6736832024133,1324.9465645669316,1606.0119620109454,0.9733333333333334,0.9466666666666667,0.9933333333333333,0.0,4.589793219497344,0.7807953443258971,1.0,0.0,0.0
32768,MyopicEconomic,behavioral_shift,150,5,4230.791168260909,10947.922107798713,7216.338052045791,-1257.6298631832692,-1658.4054248979155,-860.5993028806499,-4657.2536939354095,-5339.665929287196,-4049.109932478039,2127.86739623458,1765.1943895268548,2511.4042848756167,0.5866666666666667,0.5066666666666667,0.6666666666666666,0.4908859686307757,192.79742286142857,0.18482407799915218,0.07587961000423908,0.5091140313692243,0.37219160661297157
32768,MyopicEconomic,nominal,150,5,4138.953810884781,10937.221153235589,7353.718918903803,-1157.6634156705688,-1556.9420970444746,-769.5534878602016,-4526.228180255786,-5233.986576236863,-3880.192093003086,2034.2413683863958,1670.6886241990037,2415.4109922746447,0.56,0.4866666666666667,0.64,0.4979218620116376,187.27507980417332,0.19783873649210307,0.08063175394846218,0.5020781379883624,0.37364921030756443
32768,MyopicEconomic,population_shift,150,5,4340.337683305131,10513.757163474977,7353.718918903803,-1757.9018957494807,-2142.8621478397213,-1376.3984576120022,-4762.855742091538,-5421.853239601778,-4146.9508177664065,2481.6332833361093,2122.7091970285474,2856.7140147806263,0.7,0.6266666666666667,0.7733333333333333,0.5396825396825398,209.2722944364653,0.1810515873015873,0.08531746031746032,0.4603174603174603,0.4037698412698413
32768,MyopicEconomic,risk_shift,150,5,4046.226305414658,10833.506931511147,7266.248669134876,-1223.040030887794,-1604.7230923315963,-859.3542834174582,-4145.975720423267,-4780.479956674836,-3550.73934330331,2021.2971093898334,1679.786486320711,2390.6618047552856,0.6,0.52,0.68,0.5081894643647631,183.07319937337047,0.2049579459938026,0.08056662239929172,0.49181053563523686,0.38556883576803896
32768,MyopicEconomic,severe_stress,150,5,4058.799017019386,10232.914657370995,6624.179815584153,-2146.186113302851,-2419.910647852645,-1873.9145061433742,-4756.347156658389,-5219.341510965987,-4308.898587890278,2604.590219856119,2335.1967346197507,2875.9979817987755,0.88,0.8266666666666667,0.9266666666666666,0.557190635451505,254.24661317217743,0.0862876254180602,0.08294314381270904,0.3959866220735786,0.48695652173913045
32768,ObservationPlanner,behavioral_shift,150,5,2428.493330816721,2693.128672748729,3576.4324432079316,-659.5027682150064,-847.7326018951825,-487.91572443555896,-2043.6658487875131,-2296.496302226074,-1799.1372276602121,984.6315554088453,827.7456085997363,1154.984199413355,0.6933333333333334,0.62,0.7666666666666667,0.42938144329896916,0.0,1.0,0.5706185567010309,0.1231958762886598,0.13969072164948454
32768,ObservationPlanner,nominal,150,5,2419.5425351854524,2662.4186512865385,3470.34371825555,-618.1808482576577,-805.1767947429664,-445.6366078791161,-2036.329109823413,-2285.0367189828003,-1782.4408048164728,953.9241853069151,797.4210204904736,1120.399725841955,0.6733333333333333,0.6,0.7466666666666667,0.4347607052896726,0.0,1.0,0.5652392947103274,0.11536523929471035,0.15113350125944586
32768,ObservationPlanner,population_shift,150,5,2720.2130370827576,3000.65334896641,3804.409611060333,-921.0061553543064,-1115.3056233912935,-733.2038655932132,-2259.441192465601,-2518.708237356919,-2016.7927373502946,1205.4748364282364,1038.187192087888,1382.7118123719827,0.7866666666666666,0.72,0.8466666666666667,0.40934234787953283,0.0,1.0,0.5906576521204672,0.11063306699446836,0.1272280270436386
32768,ObservationPlanner,risk_shift,150,5,2449.675082892264,2758.741141139177,3438.1321792162184,-655.7393647138949,-840.9194159123459,-476.5338639452466,-1975.7311970795145,-2210.4405811959814,-1738.5015640657305,976.5248271637587,818.7215487160737,1140.8293311606471,0.6866666666666666,0.6133333333333333,0.76,0.4381551362683438,0.0,1.0,0.5618448637316562,0.11006289308176101,0.15461215932914046
32768,ObservationPlanner,severe_stress,150,5,2896.382110676355,3207.6749079918627,3635.7368408584357,-1201.1327320490757,-1350.816442332421,-1057.960711965455,-2555.9988718490686,-2802.154209475883,-2331.46181614612,1429.4771456228955,1287.3170415499603,1578.588083751495,0.9533333333333334,0.9133333333333333,0.9866666666666667,0.26974267968056787,0.0,1.0,0.7302573203194321,0.09671694764862467,0.04702750665483585
32768,PDThreshold,behavioral_shift,150,5,3672.7859062358366,6411.301427576191,5012.363718654742,-893.8515368024189,-1164.4130861796646,-617.7820646195592,-3355.982035731319,-3747.7910034881465,-2984.8681498943406,1556.511144703284,1332.6926370980534,1782.4925099686752,0.6866666666666666,0.6133333333333333,0.76,0.4938453963564746,112.83284326045555,0.15755785327424915,0.0,0.5061546036435254,0.16691285081240767
32768,PDThreshold,nominal,150,5,3608.3728460417706,6518.056039006442,4969.524051350415,-783.4539642368998,-1072.969926009553,-504.93127842752307,-3224.691025745384,-3617.8177883110034,-2843.0277927746965,1451.2995931445344,1225.1193906149808,1692.1156841737566,0.64,0.5666666666666667,0.7133333333333334,0.5068622811168955,106.39031175010348,0.1869380028395646,0.0,0.49313771888310465,0.17841930903928063
32768,PDThreshold,population_shift,150,5,3767.905245936591,6260.170661545359,5085.865057746111,-1244.360130167771,-1515.7381888400487,-969.2100614310989,-3415.465386292821,-3780.2840021444963,-3060.94486908041,1781.1028111521994,1548.8590407429592,2025.1236857463355,0.76,0.6933333333333334,0.8266666666666667,0.5446784291405805,112.21353835705868,0.15424018212862833,0.0,0.4553215708594195,0.1622083096186682
32768,PDThreshold,risk_shift,150,5,3596.725347094521,6603.61468871071,4992.972958703841,-899.1576090886849,-1170.6909882393966,-614.4469200935794,-3134.2300922097943,-3522.687324662823,-2773.1631460910826,1531.4970703354923,1301.7610313935736,1768.1337279460247,0.68,0.6066666666666667,0.7533333333333333,0.4965346534653465,108.14954518891518,0.1905940594059406,0.0,0.5034653465346535,0.18663366336633663
32768,PDThreshold,severe_stress,150,5,3730.2166747446067,5566.062398872268,5166.9518093955385,-1800.5343043143494,-1995.408868592243,-1600.7223825580554,-3755.3384373231406,-4083.1918919039317,-3456.653790503952,2140.9731491036728,1944.2734869481178,2340.1949376308607,0.94,0.9,0.9733333333333334,0.39741518578352186,142.0858981567158,0.07592891760904685,0.0,0.3344103392568659,0.0630048465266559
32768,Static,behavioral_shift,150,5,4239.478093503025,6531.013833044628,6045.455720946984,-1213.2371633497974,-1562.7298403071188,-867.8116312119089,-4410.535680925928,-4983.694474560009,-3875.494972070466,2004.034475929249,1701.9046735292388,2306.4174398934824,0.6666666666666666,0.5933333333333334,0.74,0.0,192.27708462792197,0.019699812382739212,0.0,1.0,0.0
32768,Static,nominal,150,5,4205.28324664133,6531.013833044628,6039.425769073957,-1211.1696480443272,-1559.0612417502832,-876.5906702954273,-4269.008126059944,-4834.490646050324,-3739.7940284311835,1985.0364755994317,1689.244059160126,2288.587527723813,0.6666666666666666,0.5933333333333334,0.74,0.0,186.5402379958653,0.02207609206200094,0.0,1.0,0.0
32768,Static,population_shift,150,5,4337.920233521719,6531.013833044628,6039.425769073957,-1715.2893176052924,-2015.0540725773208,-1381.4900999248803,-4417.456254000677,-4960.464452894527,-3918.0658823812732,2337.496959248652,2039.9464669509673,2610.541375237749,0.78,0.7133333333333334,0.8466666666666667,0.0,202.5832867728833,0.014108352144469528,0.0,1.0,0.0
32768,Static,risk_shift,150,5,4129.0184888241465,6531.013833044628,6328.313891925248,-1341.4669787488797,-1672.1581574665556,-1012.5286449787116,-4058.0361685084426,-4585.882320225844,-3543.3764548173117,2058.570725731166,1758.2059879236674,2360.0574504875526,0.6933333333333334,0.62,0.7666666666666667,0.0,184.448074542915,0.023095823095823097,0.0,1.0,0.0
32768,Static,severe_stress,150,5,4146.144624988187,6531.013833044628,6481.754482012994,-2227.859825223444,-2466.3553828790405,-1977.7596070137008,-4590.377694812002,-5028.307907052167,-4194.119689085403,2627.303206500409,2379.9382666368215,2874.689860350078,0.9266666666666666,0.8866666666666667,0.96,0.0,247.60137353715817,0.0015432098765432098,0.0,1.0,0.0
262144,AlwaysDecrease20,behavioral_shift,150,5,2484.956386381697,2658.160463709724,3585.8062714320918,-785.3708451892951,-964.3580619705914,-617.8899521236798,-2070.587933552054,-2322.5094477440402,-1824.3586397562835,1068.866704525103,915.1497867301549,1232.0218662324783,0.7533333333333333,0.68,0.82,0.3114285714285714,8.129959009954222,0.6394285714285715,0.6885714285714286,0.31142857142857144,0.0
262144,AlwaysDecrease20,nominal,150,5,2509.457378762269,2643.7169001951665,3601.880071343865,-787.5551500586804,-965.16058020968,-620.4531952625618,-2106.994617955741,-2372.23297346443,-1850.476231673178,1075.3994724435809,917.3838486948843,1240.9996779834787,0.7533333333333333,0.68,0.82,0.3134920634920635,7.873039277850292,0.6343537414965986,0.6865079365079365,0.3134920634920635,0.0
262144,AlwaysDecrease20,population_shift,150,5,2786.2384890174676,2997.408201764926,3929.2320483593894,-1047.2116478169337,-1236.3937172726503,-873.2924327389371,-2299.3356106084193,-2552.977789835146,-2053.1380513448116,1293.9147288468578,1131.3659555230793,1470.1833994430724,0.84,0.78,0.8933333333333333,0.26698695950583395,7.871961888910546,0.668496911461908,0.733013040494166,0.2669869595058339,0.0
262144,AlwaysDecrease20,risk_shift,150,5,2542.772572330711,2755.5870200493014,3562.882043318306,-828.8711384805141,-1009.8983996842077,-656.9722664520498,-2041.2946274906235,-2290.1851937311444,-1805.5655968580381,1100.3605587831676,941.2115482641703,1265.7255690545946,0.7666666666666667,0.6933333333333334,0.8333333333333334,0.30833833233353325,8.061491531395143,0.6280743851229754,0.6916616676664668,0.3083383323335333,0.0
262144,AlwaysDecrease20,severe_stress,150,5,2939.734194414695,3188.973279589545,3633.588618031893,-1245.694783563233,-1387.7070920062026,-1116.5636242692658,-2545.0084933370254,-2786.404168326717,-2324.85346720721,1461.6736832024133,1324.9465645669316,1606.0119620109454,0.9733333333333334,0.9466666666666667,0.9933333333333333,0.07371483996120276,4.589793219497344,0.8176527643064986,0.9262851600387971,0.07371483996120272,0.0
262144,BCInitPPO,behavioral_shift,150,5,2417.2008919569553,2795.612898284595,3535.1194851970226,-603.9486244448952,-791.1978066937601,-428.75927984933213,-2027.7961799928198,-2276.3235303898987,-1788.4387070397008,949.6337822836824,794.5435664547492,1113.2440555041092,0.6786666666666666,0.6026666666666667,0.748,0.4016377668792025,9.225608275539713,0.554641035675666,0.5983622331207975,0.09525151291222396,0.14498907525632782
262144,BCInitPPO,nominal,150,5,2399.753112130069,2812.129814383856,3476.167981388701,-552.6294105908888,-737.364530089545,-374.3155917087328,-2016.890966332702,-2270.7675147057257,-1770.8200529980982,912.3607004755194,751.7757483260515,1075.2518271378567,0.652,0.576,0.7266666666666667,0.4123784477138928,9.181909306521652,0.5479810789937981,0.5876215522861072,0.09579834728860917,0.15257771726807992
262144,BCInitPPO,population_shift,150,5,2689.6539049705116,3106.80641664602,3835.4742341826022,-853.0788969143257,-1053.252072118777,-661.6967959597574,-2240.667746082581,-2487.874582624173,-1992.7329844728122,1160.0667928525615,993.146131776128,1339.2796849609638,0.7653333333333333,0.696,0.8293333333333334,0.3932417120426841,9.679082116520066,0.5768354649899633,0.606758287957316,0.08917070894102673,0.14230476088832797
262144,BCInitPPO,risk_shift,150,5,2433.953100870898,2893.8481368100993,3437.768576887895,-597.1083938633122,-780.7090418883354,-411.048323453902,-1963.4529948382287,-2196.7240146353392,-1731.7592475804684,941.0880712659823,778.3203058533423,1102.6345729624643,0.672,0.5946666666666667,0.7453333333333333,0.40839367867343,8.831245394856436,0.5551866908782406,0.59160632132657,0.09216791041490721,0.15271278145002012
262144,BCInitPPO,severe_stress,150,5,2893.033250240969,3234.6217312577046,3650.9030090950155,-1191.051880105548,-1341.2309472718332,-1050.1184839987584,-2577.5537256966977,-2827.616360509198,-2351.940287737803,1424.4258608880677,1285.0065675844914,1572.9933958858112,0.9533333333333334,0.9186666666666666,0.984,0.2483624797292104,7.815140140595554,0.7351944409735067,0.7516375202707897,0.1015925836160623,0.04774402423432029
262144,BCRegularizedPPO,behavioral_shift,150,5,2382.8361889770663,2760.1498338041474,3490.8041693394975,-599.325349717493,-782.112637243595,-426.15403636781565,-2011.9187539887466,-2255.8570638763485,-1769.5810351453486,936.5634649307467,781.2869657975804,1098.9399596681692,0.6693333333333333,0.5933333333333334,0.744,0.3810417443639582,7.547134538858583,0.5929702983967264,0.6189582556360418,0.11364226668888491,0.14295891439243802
262144,BCRegularizedPPO,nominal,150,5,2365.0662510045668,2741.8334342500825,3456.650769181272,-548.6184740246699,-737.604212299848,-374.27582867792245,-1997.6287304142634,-2251.5765855791633,-1753.6317482141328,898.2809861051294,743.7082446832615,1063.9687801038735,0.6373333333333333,0.5586333333333333,0.716,0.3928515309387604,7.551702630547192,0.5879025890504727,0.6071484690612395,0.11172127831142509,0.14978309410198992
262144,BCRegularizedPPO,population_shift,150,5,2664.6744062514713,3058.7797271235863,3811.3618441491394,-849.2616419548037,-1050.6960007923208,-653.005117160161,-2222.248201096277,-2469.2425813739437,-1974.5083689684657,1148.4981443637166,978.5104294729355,1333.099727666954,0.752,0.68,0.82,0.38055317421323276,8.126732133948163,0.6116463944952638,0.6194468257867672,0.10391530892202001,0.1377951190396177
262144,BCRegularizedPPO,risk_shift,150,5,2391.9741675110467,2817.1289869801885,3422.2715461553075,-585.4808013709282,-776.6204419478534,-406.8198820486037,-1944.9853566842496,-2175.0710811018325,-1712.7780963363593,921.3449274856924,760.3505556631145,1085.405576933943,0.6546666666666666,0.5786666666666667,0.7306999999999998,0.39003380064261695,7.437316962667987,0.5934578987938337,0.609966199357383,0.10683432585116001,0.15115313452697235
262144,BCRegularizedPPO,severe_stress,150,5,2888.1175317389966,3221.925458371561,3633.0326307523414,-1186.0613460990944,-1338.6331886119358,-1045.033992602435,-2560.090471103567,-2803.0705993233883,-2338.445191789252,1417.839524423633,1276.7178306605963,1566.6897607459043,0.9493333333333334,0.9133333333333333,0.98,0.2420163700443175,5.482373724110471,0.7645620807378763,0.7579836299556824,0.1011304668409529,0.04893558608418686
262144,CanonicalPPO,behavioral_shift,150,5,2469.8409804964244,2670.1155090448638,3576.8614809271407,-734.4888986605241,-911.985629574628,-564.0604419138007,-2093.119902290824,-2356.806099158946,-1846.1057190197369,1042.1828666860108,886.5196283555636,1203.1318989585523,0.724,0.6493333333333333,0.7946666666666666,0.38498692545868607,8.840565997245841,0.4826009468484145,0.5236276221005554,0.002675227394328518,0.02029796897204938
262144,CanonicalPPO,nominal,150,5,2477.024561145776,2642.049463366836,3516.2801815718535,-712.6451921246965,-886.9097403772188,-547.6325819831981,-2102.453234929576,-2367.3430568345343,-1844.9837880132166,1027.4297225324815,874.623252449865,1184.3062827272759,0.712,0.6386666666666667,0.784,0.3815359878045562,8.78694761180727,0.47590719246456475,0.5218242816710856,0.002938090241343127,0.019857649422406653
262144,CanonicalPPO,population_shift,150,5,2753.7144745143305,2991.695091018897,3861.198821724333,-988.2732387187091,-1172.2572282313906,-813.0562076357653,-2303.2548900130987,-2559.8583153345594,-2054.9269233049463,1256.8398477579274,1095.2322949377574,1430.5844617359005,0.8146666666666667,0.7519666666666667,0.8733333333333333,0.392447018958629,9.001799472023851,0.5134921550064866,0.5630259498556529,0.0024250159540523293,0.020514600248583557
262144,CanonicalPPO,risk_shift,150,5,2508.5078081128113,2742.3923223122397,3481.6389483402195,-755.8691019728716,-930.4422985523145,-582.8365440175575,-2028.8825417204866,-2276.9620193601395,-1793.5774552524033,1052.9994047793853,896.4498602016611,1207.8608929406375,0.728,0.6546333333333333,0.7986666666666666,0.38257105827629145,8.40616111691006,0.49059030834972334,0.5357818874940781,0.0028446389496717727,0.01506562011735475
262144,CanonicalPPO,severe_stress,150,5,2926.1962456557267,3204.5820214853766,3631.2753936366666,-1225.634816896723,-1369.9107843645518,-1091.3104374140567,-2566.286028383162,-2808.8854057048907,-2345.516059778478,1450.2242947364607,1311.477244835307,1593.4332020539687,0.964,0.932,0.9893333333333333,0.2391890529779599,7.714666688868512,0.6859581727694538,0.7608109470220401,0.0003766478342749529,0.01268939393939394
262144,MyopicEconomic,behavioral_shift,150,5,4230.791168260909,10947.922107798713,7216.338052045791,-1257.6298631832692,-1658.4054248979155,-860.5993028806499,-4657.2536939354095,-5339.665929287196,-4049.109932478039,2127.86739623458,1765.1943895268548,2511.4042848756167,0.5866666666666667,0.5066666666666667,0.6666666666666666,0.4908859686307757,192.79742286142857,0.18482407799915218,0.07587961000423908,0.5091140313692243,0.37219160661297157
262144,MyopicEconomic,nominal,150,5,4138.953810884781,10937.221153235589,7353.718918903803,-1157.6634156705688,-1556.9420970444746,-769.5534878602016,-4526.228180255786,-5233.986576236863,-3880.192093003086,2034.2413683863958,1670.6886241990037,2415.4109922746447,0.56,0.4866666666666667,0.64,0.4979218620116376,187.27507980417332,0.19783873649210307,0.08063175394846218,0.5020781379883624,0.37364921030756443
262144,MyopicEconomic,population_shift,150,5,4340.337683305131,10513.757163474977,7353.718918903803,-1757.9018957494807,-2142.8621478397213,-1376.3984576120022,-4762.855742091538,-5421.853239601778,-4146.9508177664065,2481.6332833361093,2122.7091970285474,2856.7140147806263,0.7,0.6266666666666667,0.7733333333333333,0.5396825396825398,209.2722944364653,0.1810515873015873,0.08531746031746032,0.4603174603174603,0.4037698412698413
262144,MyopicEconomic,risk_shift,150,5,4046.226305414658,10833.506931511147,7266.248669134876,-1223.040030887794,-1604.7230923315963,-859.3542834174582,-4145.975720423267,-4780.479956674836,-3550.73934330331,2021.2971093898334,1679.786486320711,2390.6618047552856,0.6,0.52,0.68,0.5081894643647631,183.07319937337047,0.2049579459938026,0.08056662239929172,0.49181053563523686,0.38556883576803896
262144,MyopicEconomic,severe_stress,150,5,4058.799017019386,10232.914657370995,6624.179815584153,-2146.186113302851,-2419.910647852645,-1873.9145061433742,-4756.347156658389,-5219.341510965987,-4308.898587890278,2604.590219856119,2335.1967346197507,2875.9979817987755,0.88,0.8266666666666667,0.9266666666666666,0.557190635451505,254.24661317217743,0.0862876254180602,0.08294314381270904,0.3959866220735786,0.48695652173913045
262144,ObservationPlanner,behavioral_shift,150,5,2428.493330816721,2693.128672748729,3576.4324432079316,-659.5027682150064,-847.7326018951825,-487.91572443555896,-2043.6658487875131,-2296.496302226074,-1799.1372276602121,984.6315554088453,827.7456085997363,1154.984199413355,0.6933333333333334,0.62,0.7666666666666667,0.42938144329896916,0.0,1.0,0.5706185567010309,0.1231958762886598,0.13969072164948454
262144,ObservationPlanner,nominal,150,5,2419.5425351854524,2662.4186512865385,3470.34371825555,-618.1808482576577,-805.1767947429664,-445.6366078791161,-2036.329109823413,-2285.0367189828003,-1782.4408048164728,953.9241853069151,797.4210204904736,1120.399725841955,0.6733333333333333,0.6,0.7466666666666667,0.4347607052896726,0.0,1.0,0.5652392947103274,0.11536523929471035,0.15113350125944586
262144,ObservationPlanner,population_shift,150,5,2720.2130370827576,3000.65334896641,3804.409611060333,-921.0061553543064,-1115.3056233912935,-733.2038655932132,-2259.441192465601,-2518.708237356919,-2016.7927373502946,1205.4748364282364,1038.187192087888,1382.7118123719827,0.7866666666666666,0.72,0.8466666666666667,0.40934234787953283,0.0,1.0,0.5906576521204672,0.11063306699446836,0.1272280270436386
262144,ObservationPlanner,risk_shift,150,5,2449.675082892264,2758.741141139177,3438.1321792162184,-655.7393647138949,-840.9194159123459,-476.5338639452466,-1975.7311970795145,-2210.4405811959814,-1738.5015640657305,976.5248271637587,818.7215487160737,1140.8293311606471,0.6866666666666666,0.6133333333333333,0.76,0.4381551362683438,0.0,1.0,0.5618448637316562,0.11006289308176101,0.15461215932914046
262144,ObservationPlanner,severe_stress,150,5,2896.382110676355,3207.6749079918627,3635.7368408584357,-1201.1327320490757,-1350.816442332421,-1057.960711965455,-2555.9988718490686,-2802.154209475883,-2331.46181614612,1429.4771456228955,1287.3170415499603,1578.588083751495,0.9533333333333334,0.9133333333333333,0.9866666666666667,0.26974267968056787,0.0,1.0,0.7302573203194321,0.09671694764862467,0.04702750665483585
262144,PDThreshold,behavioral_shift,150,5,3672.7859062358366,6411.301427576191,5012.363718654742,-893.8515368024189,-1164.4130861796646,-617.7820646195592,-3355.982035731319,-3747.7910034881465,-2984.8681498943406,1556.511144703284,1332.6926370980534,1782.4925099686752,0.6866666666666666,0.6133333333333333,0.76,0.4938453963564746,112.83284326045555,0.15755785327424915,0.0,0.5061546036435254,0.16691285081240767
262144,PDThreshold,nominal,150,5,3608.3728460417706,6518.056039006442,4969.524051350415,-783.4539642368998,-1072.969926009553,-504.93127842752307,-3224.691025745384,-3617.8177883110034,-2843.0277927746965,1451.2995931445344,1225.1193906149808,1692.1156841737566,0.64,0.5666666666666667,0.7133333333333334,0.5068622811168955,106.39031175010348,0.1869380028395646,0.0,0.49313771888310465,0.17841930903928063
262144,PDThreshold,population_shift,150,5,3767.905245936591,6260.170661545359,5085.865057746111,-1244.360130167771,-1515.7381888400487,-969.2100614310989,-3415.465386292821,-3780.2840021444963,-3060.94486908041,1781.1028111521994,1548.8590407429592,2025.1236857463355,0.76,0.6933333333333334,0.8266666666666667,0.5446784291405805,112.21353835705868,0.15424018212862833,0.0,0.4553215708594195,0.1622083096186682
262144,PDThreshold,risk_shift,150,5,3596.725347094521,6603.61468871071,4992.972958703841,-899.1576090886849,-1170.6909882393966,-614.4469200935794,-3134.2300922097943,-3522.687324662823,-2773.1631460910826,1531.4970703354923,1301.7610313935736,1768.1337279460247,0.68,0.6066666666666667,0.7533333333333333,0.4965346534653465,108.14954518891518,0.1905940594059406,0.0,0.5034653465346535,0.18663366336633663
262144,PDThreshold,severe_stress,150,5,3730.2166747446067,5566.062398872268,5166.9518093955385,-1800.5343043143494,-1995.408868592243,-1600.7223825580554,-3755.3384373231406,-4083.1918919039317,-3456.653790503952,2140.9731491036728,1944.2734869481178,2340.1949376308607,0.94,0.9,0.9733333333333334,0.39741518578352186,142.0858981567158,0.07592891760904685,0.0,0.3344103392568659,0.0630048465266559
262144,Static,behavioral_shift,150,5,4239.478093503025,6531.013833044628,6045.455720946984,-1213.2371633497974,-1562.7298403071188,-867.8116312119089,-4410.535680925928,-4983.694474560009,-3875.494972070466,2004.034475929249,1701.9046735292388,2306.4174398934824,0.6666666666666666,0.5933333333333334,0.74,0.0,192.27708462792197,0.019699812382739212,0.0,1.0,0.0
262144,Static,nominal,150,5,4205.28324664133,6531.013833044628,6039.425769073957,-1211.1696480443272,-1559.0612417502832,-876.5906702954273,-4269.008126059944,-4834.490646050324,-3739.7940284311835,1985.0364755994317,1689.244059160126,2288.587527723813,0.6666666666666666,0.5933333333333334,0.74,0.0,186.5402379958653,0.02207609206200094,0.0,1.0,0.0
262144,Static,population_shift,150,5,4337.920233521719,6531.013833044628,6039.425769073957,-1715.2893176052924,-2015.0540725773208,-1381.4900999248803,-4417.456254000677,-4960.464452894527,-3918.0658823812732,2337.496959248652,2039.9464669509673,2610.541375237749,0.78,0.7133333333333334,0.8466666666666667,0.0,202.5832867728833,0.014108352144469528,0.0,1.0,0.0
262144,Static,risk_shift,150,5,4129.0184888241465,6531.013833044628,6328.313891925248,-1341.4669787488797,-1672.1581574665556,-1012.5286449787116,-4058.0361685084426,-4585.882320225844,-3543.3764548173117,2058.570725731166,1758.2059879236674,2360.0574504875526,0.6933333333333334,0.62,0.7666666666666667,0.0,184.448074542915,0.023095823095823097,0.0,1.0,0.0
262144,Static,severe_stress,150,5,4146.144624988187,6531.013833044628,6481.754482012994,-2227.859825223444,-2466.3553828790405,-1977.7596070137008,-4590.377694812002,-5028.307907052167,-4194.119689085403,2627.303206500409,2379.9382666368215,2874.689860350078,0.9266666666666666,0.8866666666666667,0.96,0.0,247.60137353715817,0.0015432098765432098,0.0,1.0,0.0
