model,sample,n_obs,n_defaults,default_rate,mean_predicted_pd,roc_auc,pr_auc,brier,log_loss,ece,roc_auc_lower,roc_auc_upper,roc_auc_bootstrap_valid,brier_lower,brier_upper,brier_bootstrap_valid,pr_auc_lower,pr_auc_upper,pr_auc_bootstrap_valid,log_loss_lower,log_loss_upper,log_loss_bootstrap_valid
constant,validation,8046,3371,0.4189659458115834,0.4339842027184153,0.5,0.4189659458115834,0.24365903010230833,0.6804164503527866,0.015018256906832061,0.5,0.5,200,0.23922352911920944,0.24757644718488117,200,0.38537170651019553,0.448636246284237,200,0.6714933549786188,0.6882972932116623,200
logistic,validation,8046,3371,0.4189659458115834,0.4176959673319846,0.8429573414004636,0.8073115812175444,0.15824685005696493,0.47604586146497985,0.018536214321127457,0.8246111250783319,0.8620002379227488,200,0.1486499723998113,0.1674176545608815,200,0.7795784226831193,0.8305244697545303,200,0.45084855308785055,0.5004625774091694,200
boosting,validation,8046,3371,0.4189659458115834,0.4164055098427908,0.840283227338561,0.8090634281796925,0.15907104676702075,0.4803785625737492,0.021386621224350436,0.8181955934181339,0.8600269769623355,200,0.14815010438083867,0.16929314583175706,200,0.7815057907947977,0.833878629562455,200,0.45085043466185337,0.5082399617567495,200
constant,test,10050,4603,0.45800995024875624,0.43398420271841553,0.5,0.45800995024875624,0.24881407226627975,0.6907870788482482,0.024025747530340813,0.5,0.5,200,0.24432118808498657,0.25276471767837644,200,0.4239810937757427,0.4879319202527354,200,0.6817485431320957,0.6987347686212821,200
logistic,test,10050,4603,0.45800995024875624,0.43551389383963524,0.8419871364454045,0.8231648787456185,0.16186049432762586,0.4868233924755733,0.022496056409120915,0.8247193626455817,0.8589053514636513,200,0.15313484808195282,0.1711481525715095,200,0.7965688864871497,0.8463510521722403,200,0.46337414142309596,0.5098433056071398,200
logistic_calibrated,test,10050,4603,0.45800995024875624,0.4777268454136581,0.8419871364454045,0.8231648787456185,0.16193412569255441,0.4864448342726885,0.023230797929024525,0.8247193626455817,0.8589053514636513,200,0.15279328283073554,0.17086083021796578,200,0.7965688864871497,0.8463510521722403,200,0.4630914276711841,0.5096171230241927,200
boosting,test,10050,4603,0.45800995024875624,0.42828597115286027,0.8459937905775088,0.8309593426893147,0.1610116878028085,0.4846745429480037,0.0354342087691655,0.8288246676345039,0.8658357439787301,200,0.15021205385739436,0.1704640967416073,200,0.8060389119402691,0.8552652563937858,200,0.45658489348106446,0.5089061119372756,200
boosting_calibrated,test,10050,4603,0.45800995024875624,0.4808947702686313,0.8459937905775088,0.8309593426893147,0.16022776856142393,0.4828536136538719,0.026296647947044217,0.8288246676345039,0.8658357439787301,200,0.14900718790480613,0.1697287709375591,200,0.8060389119402691,0.8552652563937858,200,0.4541158330755039,0.5072347155389353,200
constant,oot,7359,4170,0.5666530778638402,0.43398420271841537,0.5,0.5666530778638402,0.26315839764362914,0.7196441986883522,0.13266887514542475,0.5,0.5,200,0.25901460868049975,0.2674609268125528,200,0.5352682492791426,0.5992401959938506,200,0.7113079534097876,0.7282997887267116,200
logistic,oot,7359,4170,0.5666530778638402,0.6293892945827066,0.8446462021351875,0.8749987913662121,0.16308773180609137,0.48736500541989203,0.06416567166104575,0.8222508571109749,0.8603255882332675,200,0.15347039034065962,0.17494929636291456,200,0.8498769572510431,0.8918150362145938,200,0.46422879510368176,0.5182471101174491,200
logistic_calibrated,oot,7359,4170,0.5666530778638402,0.6730019438189889,0.8446462021351875,0.8749987913662121,0.17211708396874115,0.5112881361052317,0.10634886595514884,0.8222508571109749,0.8603255882332675,200,0.16087276499789865,0.1857628704940253,200,0.8498769572510431,0.8918150362145938,200,0.48338411144526267,0.5484421597538223,200
boosting,oot,7359,4170,0.5666530778638402,0.5258776171686336,0.8451736823147316,0.8753086475602351,0.16077648038352496,0.4841307035238144,0.043061298886970203,0.8223308257020571,0.8640711884055807,200,0.1512217890044593,0.17229157868374417,200,0.851979578424024,0.8955879551930733,200,0.46014522092658344,0.5138916792707992,200
boosting_calibrated,oot,7359,4170,0.5666530778638402,0.5772840267896419,0.8451736823147316,0.8753086475602351,0.15816791507458108,0.47848597038392643,0.02067848492936725,0.8223308257020571,0.8640711884055807,200,0.14796928600982812,0.17031770549667585,200,0.851979578424024,0.8955879551930733,200,0.4527131978257234,0.5103540519773615,200
constant,baseline_behavior,9891,4306,0.4353452633707411,0.4339842027184155,0.5,0.4353452633707411,0.24582161751750048,0.6847670240161143,0.0013610606523256075,0.5,0.5,200,0.24216148638918292,0.24972643265471353,200,0.4076236324957429,0.4649201174057336,200,0.6774037747993099,0.6926225149788292,200
logistic,baseline_behavior,9891,4306,0.4353452633707411,0.44069440958054806,0.8271970862833854,0.8012237349203826,0.1672128958198469,0.4997365258126423,0.02487529282308156,0.8059293224392285,0.8415721658940638,200,0.16002424579239877,0.17766511361509862,200,0.7692088621867562,0.822149729796645,200,0.4820802208178157,0.5257172564878951,200
logistic_calibrated,baseline_behavior,9891,4306,0.4353452633707411,0.48395223861845027,0.8271970862833854,0.8012237349203826,0.17098211943057126,0.5072870465662138,0.053352518095230464,0.8059293224392285,0.8415721658940638,200,0.1634324031100605,0.1815433488039198,200,0.7692088621867562,0.822149729796645,200,0.4874226844382795,0.533118298935461,200
boosting,baseline_behavior,9891,4306,0.4353452633707411,0.4417483850215447,0.835387423432399,0.8138254957687049,0.1632439626825127,0.49244102602518297,0.030303473803793446,0.8169151283449855,0.8531879424413092,200,0.15432546580480547,0.1741357697230522,200,0.7869771712802642,0.8359250837941997,200,0.46887939980697685,0.5194472706989571,200
boosting_calibrated,baseline_behavior,9891,4306,0.4353452633707411,0.49513750977538085,0.835387423432399,0.8138254957687049,0.1679287542700757,0.5029114074549498,0.06114185221156227,0.8169151283449855,0.8531879424413092,200,0.1581718800526858,0.1785055149055673,200,0.7869771712802642,0.8359250837941997,200,0.478209031852524,0.527989516958348,200
constant,mild_stress_behavior,9439,5010,0.5307765653141222,0.4339842027184154,0.5,0.5307765653141222,0.25842156448432435,0.7101148999207377,0.09679236259570673,0.5,0.5,200,0.25464577154704143,0.26238298290875217,200,0.5021789182905047,0.5607801295180864,200,0.7025189686785029,0.7180842622436964,200
logistic,mild_stress_behavior,9439,5010,0.5307765653141222,0.4862947353183673,0.8278387906958717,0.8432032211516552,0.17092155762664307,0.5085495456983237,0.04448182999575497,0.8110249599692771,0.8449231610098576,200,0.1634120173235657,0.17934895749348995,200,0.8183694384843192,0.860723394181583,200,0.4892723180865498,0.5291104814089304,200
logistic_calibrated,mild_stress_behavior,9439,5010,0.5307765653141222,0.5306148465846365,0.8278387906958717,0.8432032211516552,0.16855779100583626,0.5029248247548028,0.021510818624949798,0.8110249599692771,0.8449231610098576,200,0.1599857476769642,0.1772754404091786,200,0.8183694384843192,0.860723394181583,200,0.4824999169104601,0.524922180202329,200
boosting,mild_stress_behavior,9439,5010,0.5307765653141222,0.4610329747286061,0.8429536501618574,0.8593720728193737,0.16785220810513257,0.5038667475546135,0.06974359058551613,0.8270733062683724,0.8607598821448018,200,0.15994901757985175,0.17881138364833513,200,0.8361889436467795,0.8778687353237178,200,0.48029534960038484,0.5311636105573189,200
boosting_calibrated,mild_stress_behavior,9439,5010,0.5307765653141222,0.5143273977295594,0.8429536501618574,0.8593720728193737,0.16187262765817545,0.4883897164184266,0.023431186390416248,0.8270733062683724,0.8607598821448018,200,0.15293693667156844,0.17036167447861972,200,0.8361889436467795,0.8778687353237178,200,0.4632774616476545,0.5110649861081586,200
constant,severe_stress_behavior,7896,6062,0.7677304964539007,0.43398420271841537,0.5,0.7677304964539007,0.2897069698507206,0.7730531467991806,0.3337462937354852,0.5,0.5,200,0.28532584163681596,0.293631859561836,200,0.7345480735012752,0.797457394202133,200,0.7642394355525615,0.7809490226785505,200
logistic,severe_stress_behavior,7896,6062,0.7677304964539007,0.5836313809158066,0.8074881981070199,0.9275049681802403,0.1808419154447032,0.5312915000410179,0.1840991155380942,0.774565342202906,0.8353406376338199,200,0.1724634306635781,0.19081472168908467,200,0.9107534540743658,0.9439577093285488,200,0.5086674072812065,0.5565299775983559,200
logistic_calibrated,severe_stress_behavior,7896,6062,0.7677304964539007,0.6279207477307073,0.8074881981070199,0.9275049681802403,0.16366827654815486,0.48946576010462794,0.1398097487231933,0.774565342202906,0.8353406376338199,200,0.1546763304604547,0.1741027575353434,200,0.9107534540743658,0.9439577093285488,200,0.46522190072665487,0.517634936189656,200
boosting,severe_stress_behavior,7896,6062,0.7677304964539007,0.49255666315064633,0.848080467664738,0.9451420100197115,0.21819855859253987,0.6403665924472604,0.2751738333032544,0.8214063323342128,0.8718079533164855,200,0.205353085627838,0.23028425054304852,200,0.9306864296770959,0.9573190946701672,200,0.6024046198838222,0.6713226182265063,200
boosting_calibrated,severe_stress_behavior,7896,6062,0.7677304964539007,0.5465265331045547,0.848080467664738,0.9451420100197115,0.1858851936898979,0.551945347178401,0.22120396334934603,0.8214063323342128,0.8718079533164855,200,0.17459165982769945,0.19708790541573373,200,0.9306864296770959,0.9573190946701672,200,0.5215789825609655,0.5802363477683141,200
constant,baseline_static,9922,4377,0.4411408990122959,0.4339842027184155,0.5,0.4411408990122959,0.2465868245327621,0.686306425135442,0.007156696293880438,0.5,0.5,200,0.24317450660617337,0.2507639609543019,200,0.41529619163086584,0.4727782994039221,200,0.6794417128014905,0.6947097569850653,200
logistic,baseline_static,9922,4377,0.4411408990122959,0.4474791970803711,0.8267809866848452,0.8008755893977172,0.1679881897335808,0.5012647313142149,0.018754276768268244,0.806244499008247,0.845058219420441,200,0.15973450448641296,0.17815581312704692,200,0.7722998443993753,0.8270983955263778,200,0.48020487344039064,0.5274289137918119,200
logistic_calibrated,baseline_static,9922,4377,0.4411408990122959,0.4908436587394018,0.8267809866848452,0.8008755893977172,0.1717313023573466,0.509194462407431,0.051726537158693055,0.806244499008247,0.845058219420441,200,0.16207510516030943,0.18236290214592274,200,0.7722998443993753,0.8270983955263778,200,0.48395760004949184,0.5365777518535018,200
boosting,baseline_static,9922,4377,0.4411408990122959,0.4481796954232584,0.8392965688955691,0.8190955021778847,0.16216160729838427,0.4884426445825556,0.028255854063146305,0.819475410986599,0.8561443285294814,200,0.15323149417710316,0.17309135592880312,200,0.7892139595935609,0.8432118563594311,200,0.46481587570481725,0.516554837482448,200
boosting_calibrated,baseline_static,9922,4377,0.4411408990122959,0.5010426972381126,0.8392965688955691,0.8190955021778847,0.166712555791584,0.49907321105116337,0.05990179822581666,0.819475410986599,0.8561443285294814,200,0.15650800774468285,0.17843768240491784,200,0.7892139595935609,0.8432118563594311,200,0.47368296007291005,0.5267865934046343,200
constant,baseline_always_increase,10429,3811,0.3654233387669,0.43398420271841537,0.5,0.3654233387669,0.23658971431712966,0.666194792140643,0.06856086395151545,0.5,0.5,200,0.23299493272659608,0.24061551107872634,200,0.3381966616792905,0.39591450093847064,200,0.6589630095068755,0.6742936672389968,200
logistic,baseline_always_increase,10429,3811,0.3654233387669,0.43131301442993913,0.8341513753628992,0.7653566218631327,0.16184614762154673,0.4872036312532727,0.06588967566303912,0.8144707520195582,0.8529060766530342,200,0.15299264521127526,0.1708040160988433,200,0.7321501434275284,0.794799949604198,200,0.4639644605918628,0.5116795958623901,200
logistic_calibrated,baseline_always_increase,10429,3811,0.3654233387669,0.4734998291803076,0.8341513753628992,0.7653566218631327,0.17173279592332352,0.5107501676645673,0.10807649041340761,0.8144707520195582,0.8529060766530342,200,0.16317511133997706,0.1815061859961293,200,0.7321501434275284,0.794799949604198,200,0.48686014186993115,0.5376993888158677,200
boosting,baseline_always_increase,10429,3811,0.3654233387669,0.4324322734261245,0.8373949365926234,0.7797404043619287,0.16039608330206462,0.4836769098784957,0.06740215756755907,0.8185661998137637,0.8585826756953835,200,0.14901279251446278,0.1705297978999522,200,0.7458125877926973,0.8066875102187938,200,0.45524813179249474,0.5099888610988343,200
boosting_calibrated,baseline_always_increase,10429,3811,0.3654233387669,0.4862189618182995,0.8373949365926234,0.7797404043619287,0.17309564978478406,0.5149485445698394,0.12079562305139946,0.8185661998137637,0.8585826756953835,200,0.16199189119354196,0.18403452641375379,200,0.7458125877926973,0.8066875102187938,200,0.4864155999366818,0.5418863629713722,200
constant,baseline_always_decrease,8790,4719,0.5368600682593857,0.4339842027184155,0.5,0.5368600682593857,0.2592247790787172,0.7117307625840537,0.10287586554097022,0.5,0.5,200,0.2556381383797226,0.26392720780962686,200,0.5096950498343557,0.5724760035699289,200,0.7045153573452885,0.7211908484268976,200
logistic,baseline_always_decrease,8790,4719,0.5368600682593857,0.4468921641281553,0.8590307067563047,0.877945595231328,0.16279438950333627,0.4914969213359529,0.08996790413123035,0.8416703767742911,0.8737733451421955,200,0.15424440714774068,0.17216945537715814,200,0.8583471510863816,0.8955592724209238,200,0.46972697741196634,0.5179628429577836,200
logistic_calibrated,baseline_always_decrease,8790,4719,0.5368600682593857,0.49071917644650653,0.8590307067563047,0.877945595231328,0.1553664103077288,0.4726520763156943,0.04616254387135275,0.8416703767742911,0.8737733451421955,200,0.14708406921922726,0.16419515136265533,200,0.8583471510863816,0.8955592724209238,200,0.4502905392536274,0.49578014125332337,200
boosting,baseline_always_decrease,8790,4719,0.5368600682593857,0.44716330533318505,0.8400587078821151,0.8636048425014121,0.172571099715236,0.515784711727034,0.08969676292620059,0.8202903024014934,0.8570202951423238,200,0.16437017382155583,0.1825907415783383,200,0.8404569944484968,0.8834837923494888,200,0.4943009804069946,0.5409270311768255,200
boosting_calibrated,baseline_always_decrease,8790,4719,0.5368600682593857,0.5050946964005961,0.8400587078821151,0.8636048425014121,0.16418644250821718,0.49495669001938064,0.038511872429234144,0.8202903024014934,0.8570202951423238,200,0.15599288697718047,0.17351927968650802,200,0.8404569944484968,0.8834837923494888,200,0.47502863482450364,0.5172714987107582,200
