case,policy,ead_violation,high_risk_violation
buffer_1.0,BufferedRiskBased,0.0,0.2547123015873016
buffer_1.0,Decrease20,0.0,0.1881639194139194
buffer_1.0,Greedy,0.0,0.2916666666666667
buffer_1.0,Myopic,0.0,0.2586805555555556
buffer_1.0,PPO_hard,0.0,0.22522130647130648
buffer_1.0,PPO_penalty,0.0,0.2060210622710623
buffer_1.0,PPO_unconstrained,0.0,0.2060210622710623
buffer_1.0,RiskBased,0.0,0.2547123015873016
buffer_1.0,Static,0.0,0.3723958333333333
buffer_1.1,BufferedRiskBased,0.0,0.2547123015873016
buffer_1.1,Decrease20,0.0,0.1881639194139194
buffer_1.1,Greedy,0.0,0.2864583333333333
buffer_1.1,Myopic,0.0,0.25471230158730157
buffer_1.1,PPO_hard,0.0,0.22869352869352869
buffer_1.1,PPO_penalty,0.0,0.2060210622710623
buffer_1.1,PPO_unconstrained,0.0,0.2060210622710623
buffer_1.1,RiskBased,0.0,0.25992063492063494
buffer_1.1,Static,0.0,0.3723958333333333
buffer_1.25,BufferedRiskBased,0.0,0.2547123015873016
buffer_1.25,Decrease20,0.0,0.1881639194139194
buffer_1.25,Greedy,0.0,0.3072916666666667
buffer_1.25,Myopic,0.0,0.2986111111111111
buffer_1.25,PPO_hard,0.0,0.2321657509157509
buffer_1.25,PPO_penalty,0.0,0.2060210622710623
buffer_1.25,PPO_unconstrained,0.0,0.2060210622710623
buffer_1.25,RiskBased,0.0,0.26512896825396826
buffer_1.25,Static,0.0,0.3723958333333333
constant_budget_stress,BufferedRiskBased,0.0,0.19511709355459353
constant_budget_stress,Decrease20,0.0,0.1730848099269152
constant_budget_stress,Greedy,0.0,0.21298840048840048
constant_budget_stress,Myopic,0.0,0.21217382154882156
constant_budget_stress,PPO_hard,0.0,0.19782486593309606
constant_budget_stress,PPO_penalty,0.0,0.18077330199040725
constant_budget_stress,PPO_unconstrained,0.0,0.18077330199040725
constant_budget_stress,RiskBased,0.0,0.19511709355459353
constant_budget_stress,Static,0.0,0.26509514790764793
normal_loose,BufferedRiskBased,0.0,0.005208333333333333
normal_loose,Decrease20,0.0,0.003472222222222222
normal_loose,Greedy,0.0,0.003472222222222222
normal_loose,Myopic,0.0,0.006944444444444444
normal_loose,PPO_hard,0.0,0.0023148148148148147
normal_loose,PPO_penalty,0.0,0.006944444444444444
normal_loose,PPO_unconstrained,0.0,0.006944444444444444
normal_loose,RiskBased,0.0,0.005208333333333333
normal_loose,Static,0.0,0.03472222222222222
normal_medium,BufferedRiskBased,0.0,0.005208333333333333
normal_medium,Decrease20,0.0,0.003472222222222222
normal_medium,Greedy,0.0,0.0
normal_medium,Myopic,0.0,0.005208333333333333
normal_medium,PPO_hard,0.0,0.0023148148148148147
normal_medium,PPO_penalty,0.0,0.006944444444444444
normal_medium,PPO_unconstrained,0.0,0.006944444444444444
normal_medium,RiskBased,0.0,0.005208333333333333
normal_medium,Static,0.0,0.03472222222222222
normal_tight,BufferedRiskBased,0.0,0.005208333333333333
normal_tight,Decrease20,0.0,0.003472222222222222
normal_tight,Greedy,0.0,0.0
normal_tight,Myopic,0.0,0.005208333333333333
normal_tight,PPO_hard,0.0,0.0023148148148148147
normal_tight,PPO_penalty,0.0,0.006944444444444444
normal_tight,PPO_unconstrained,0.0,0.006944444444444444
normal_tight,RiskBased,0.0,0.005208333333333333
normal_tight,Static,0.0,0.03472222222222222
order_fixed,BufferedRiskBased,0.0,0.005208333333333333
order_fixed,Decrease20,0.0,0.005208333333333333
order_fixed,Greedy,0.0,0.0
order_fixed,Myopic,0.0,0.0
order_fixed,PPO_hard,0.0,0.001736111111111111
order_fixed,PPO_penalty,0.0,0.005208333333333333
order_fixed,PPO_unconstrained,0.0,0.005208333333333333
order_fixed,RiskBased,0.0,0.005208333333333333
order_fixed,Static,0.0,0.015625
order_reverse,BufferedRiskBased,0.0,0.005208333333333333
order_reverse,Decrease20,0.0,0.005208333333333333
order_reverse,Greedy,0.0,0.0
order_reverse,Myopic,0.0,0.010416666666666666
order_reverse,PPO_hard,0.0,0.001736111111111111
order_reverse,PPO_penalty,0.0,0.005208333333333333
order_reverse,PPO_unconstrained,0.0,0.005208333333333333
order_reverse,RiskBased,0.0,0.005208333333333333
order_reverse,Static,0.0,0.015625
pd_noise,BufferedRiskBased,0.0,0.0
pd_noise,Decrease20,0.0,0.0
pd_noise,Greedy,0.0,0.005208333333333333
pd_noise,Myopic,0.0,0.015625
pd_noise,PPO_hard,0.0,0.0
pd_noise,PPO_penalty,0.0,0.0
pd_noise,PPO_unconstrained,0.0,0.0
pd_noise,RiskBased,0.0,0.0
pd_noise,Static,0.0,0.020833333333333332
pd_over,BufferedRiskBased,0.0,0.07291666666666666
pd_over,Decrease20,0.0,0.11458333333333333
pd_over,Greedy,0.0,0.046875
pd_over,Myopic,0.0,0.06770833333333333
pd_over,PPO_hard,0.0,0.08680555555555554
pd_over,PPO_penalty,0.0,0.08854166666666667
pd_over,PPO_unconstrained,0.0,0.08854166666666667
pd_over,RiskBased,0.0,0.07291666666666666
pd_over,Static,0.0,0.15104166666666669
pd_slope,BufferedRiskBased,0.0,0.0
pd_slope,Decrease20,0.0,0.0
pd_slope,Greedy,0.0,0.010416666666666666
pd_slope,Myopic,0.0,0.0
pd_slope,PPO_hard,0.0,0.0
pd_slope,PPO_penalty,0.0,0.0
pd_slope,PPO_unconstrained,0.0,0.0
pd_slope,RiskBased,0.0,0.0
pd_slope,Static,0.0,0.010416666666666666
pd_under,BufferedRiskBased,0.0,0.0
pd_under,Decrease20,0.0,0.0
pd_under,Greedy,0.0,0.0
pd_under,Myopic,0.0,0.0
pd_under,PPO_hard,0.0,0.0
pd_under,PPO_penalty,0.0,0.0
pd_under,PPO_unconstrained,0.0,0.0
pd_under,RiskBased,0.0,0.0
pd_under,Static,0.0,0.0
portfolio_world_0,BufferedRiskBased,0.0,0.20520833333333333
portfolio_world_0,Decrease20,0.0,0.1585164835164835
portfolio_world_0,Greedy,0.0,0.265625
portfolio_world_0,Myopic,0.0,0.22604166666666667
portfolio_world_0,PPO_hard,0.0,0.19577864265364264
portfolio_world_0,PPO_penalty,0.0,0.16744505494505493
portfolio_world_0,PPO_unconstrained,0.0,0.16744505494505493
portfolio_world_0,RiskBased,0.0,0.20520833333333333
portfolio_world_0,Static,0.0,0.2864583333333333
portfolio_world_1,BufferedRiskBased,0.0,0.21033653846153844
portfolio_world_1,Decrease20,0.0,0.15248397435897434
portfolio_world_1,Greedy,0.0,0.16666666666666666
portfolio_world_1,Myopic,0.0,0.21502976190476192
portfolio_world_1,PPO_hard,0.0,0.17129375254375254
portfolio_world_1,PPO_penalty,0.0,0.16290064102564103
portfolio_world_1,PPO_unconstrained,0.0,0.16290064102564103
portfolio_world_1,RiskBased,0.0,0.21033653846153844
portfolio_world_1,Static,0.0,0.26041666666666663
portfolio_world_2,BufferedRiskBased,0.0,0.17287660256410256
portfolio_world_2,Decrease20,0.0,0.12354624542124543
portfolio_world_2,Greedy,0.0,0.19791666666666666
portfolio_world_2,Myopic,0.0,0.16766826923076922
portfolio_world_2,PPO_hard,0.0,0.17084478021978022
portfolio_world_2,PPO_penalty,0.0,0.12354624542124543
portfolio_world_2,PPO_unconstrained,0.0,0.12354624542124543
portfolio_world_2,RiskBased,0.0,0.17287660256410256
portfolio_world_2,Static,0.0,0.20853365384615385
size_24,BufferedRiskBased,0.0,0.0
size_24,Decrease20,0.0,0.0
size_24,Greedy,0.0,0.0
size_24,Myopic,0.0,0.0
size_24,PPO_hard,0.0,0.0
size_24,PPO_penalty,0.0,0.0
size_24,PPO_unconstrained,0.0,0.0
size_24,RiskBased,0.0,0.0
size_24,Static,0.0,0.0
size_8,BufferedRiskBased,0.0,0.006944444444444444
size_8,Decrease20,0.0,0.027777777777777776
size_8,Greedy,0.0,0.012152777777777778
size_8,Myopic,0.008680555555555556,0.010416666666666666
size_8,PPO_hard,0.0,0.02025462962962963
size_8,PPO_penalty,0.0,0.03125
size_8,PPO_unconstrained,0.0,0.03125
size_8,RiskBased,0.0,0.006944444444444444
size_8,Static,0.005208333333333333,0.022569444444444444
stress_loose,BufferedRiskBased,0.0,0.19194838726088725
stress_loose,Decrease20,0.0,0.1730848099269152
stress_loose,Greedy,0.0,0.2261904761904762
stress_loose,Myopic,0.0,0.2470238095238095
stress_loose,PPO_hard,0.0,0.1968215406263652
stress_loose,PPO_penalty,0.0,0.18077330199040725
stress_loose,PPO_unconstrained,0.0,0.18077330199040725
stress_loose,RiskBased,0.0,0.19194838726088725
stress_loose,Static,0.0,0.26509514790764793
stress_medium,BufferedRiskBased,0.0,0.19338098244348245
stress_medium,Decrease20,0.0,0.1730848099269152
stress_medium,Greedy,0.0,0.21125228937728938
stress_medium,Myopic,0.0,0.20437655059365586
stress_medium,PPO_hard,0.0,0.1950854295152541
stress_medium,PPO_penalty,0.0,0.18077330199040725
stress_medium,PPO_unconstrained,0.0,0.18077330199040725
stress_medium,RiskBased,0.0,0.19338098244348245
stress_medium,Static,0.0,0.26509514790764793
stress_tight,BufferedRiskBased,0.0,0.20156550625300626
stress_tight,Decrease20,0.0,0.1730848099269152
stress_tight,Greedy,0.0,0.2287202380952381
stress_tight,Myopic,0.0,0.21328849241000944
stress_tight,PPO_hard,0.0,0.19735963354384406
stress_tight,PPO_penalty,0.0,0.18077330199040725
stress_tight,PPO_unconstrained,0.0,0.18077330199040725
stress_tight,RiskBased,0.0,0.20156550625300626
stress_tight,Static,0.0,0.26509514790764793
