case,policy,true_classification_uncertain
buffer_1.0,BufferedRiskBased,0.015625
buffer_1.0,Decrease20,0.013541666666666667
buffer_1.0,Greedy,0.03645833333333333
buffer_1.0,Myopic,0.015625
buffer_1.0,PPO_hard,0.029745370370370366
buffer_1.0,PPO_penalty,0.013541666666666667
buffer_1.0,PPO_unconstrained,0.013541666666666667
buffer_1.0,RiskBased,0.015625
buffer_1.0,Static,0.046875
buffer_1.1,BufferedRiskBased,0.015625
buffer_1.1,Decrease20,0.013541666666666667
buffer_1.1,Greedy,0.026041666666666664
buffer_1.1,Myopic,0.026041666666666664
buffer_1.1,PPO_hard,0.029745370370370366
buffer_1.1,PPO_penalty,0.013541666666666667
buffer_1.1,PPO_unconstrained,0.013541666666666667
buffer_1.1,RiskBased,0.020833333333333332
buffer_1.1,Static,0.046875
buffer_1.25,BufferedRiskBased,0.015625
buffer_1.25,Decrease20,0.013541666666666667
buffer_1.25,Greedy,0.03645833333333333
buffer_1.25,Myopic,0.005208333333333333
buffer_1.25,PPO_hard,0.026273148148148146
buffer_1.25,PPO_penalty,0.013541666666666667
buffer_1.25,PPO_unconstrained,0.013541666666666667
buffer_1.25,RiskBased,0.015625
buffer_1.25,Static,0.046875
constant_budget_stress,BufferedRiskBased,0.017924783549783548
constant_budget_stress,Decrease20,0.014434523809523809
constant_budget_stress,Greedy,0.02827380952380952
constant_budget_stress,Myopic,0.04024621212121212
constant_budget_stress,PPO_hard,0.018954874101932927
constant_budget_stress,PPO_penalty,0.014434523809523807
constant_budget_stress,PPO_unconstrained,0.014434523809523807
constant_budget_stress,RiskBased,0.017924783549783548
constant_budget_stress,Static,0.04132094757094757
normal_loose,BufferedRiskBased,0.005208333333333333
normal_loose,Decrease20,0.005208333333333333
normal_loose,Greedy,0.01736111111111111
normal_loose,Myopic,0.022569444444444444
normal_loose,PPO_hard,0.004629629629629629
normal_loose,PPO_penalty,0.005208333333333333
normal_loose,PPO_unconstrained,0.005208333333333333
normal_loose,RiskBased,0.005208333333333333
normal_loose,Static,0.008680555555555554
normal_medium,BufferedRiskBased,0.010416666666666666
normal_medium,Decrease20,0.010416666666666666
normal_medium,Greedy,0.01736111111111111
normal_medium,Myopic,0.01909722222222222
normal_medium,PPO_hard,0.009837962962962962
normal_medium,PPO_penalty,0.010416666666666666
normal_medium,PPO_unconstrained,0.010416666666666666
normal_medium,RiskBased,0.010416666666666666
normal_medium,Static,0.026041666666666668
normal_tight,BufferedRiskBased,0.03819444444444444
normal_tight,Decrease20,0.026041666666666668
normal_tight,Greedy,0.041666666666666664
normal_tight,Myopic,0.046875
normal_tight,PPO_hard,0.030671296296296294
normal_tight,PPO_penalty,0.026041666666666668
normal_tight,PPO_unconstrained,0.026041666666666668
normal_tight,RiskBased,0.03819444444444444
normal_tight,Static,0.041666666666666664
order_fixed,BufferedRiskBased,0.015625
order_fixed,Decrease20,0.010416666666666666
order_fixed,Greedy,0.005208333333333333
order_fixed,Myopic,0.026041666666666664
order_fixed,PPO_hard,0.010416666666666666
order_fixed,PPO_penalty,0.010416666666666666
order_fixed,PPO_unconstrained,0.010416666666666666
order_fixed,RiskBased,0.015625
order_fixed,Static,0.041666666666666664
order_reverse,BufferedRiskBased,0.015625
order_reverse,Decrease20,0.010416666666666666
order_reverse,Greedy,0.005208333333333333
order_reverse,Myopic,0.005208333333333333
order_reverse,PPO_hard,0.008680555555555554
order_reverse,PPO_penalty,0.010416666666666666
order_reverse,PPO_unconstrained,0.010416666666666666
order_reverse,RiskBased,0.015625
order_reverse,Static,0.041666666666666664
pd_noise,BufferedRiskBased,0.010416666666666666
pd_noise,Decrease20,0.010416666666666666
pd_noise,Greedy,0.010416666666666666
pd_noise,Myopic,0.020833333333333332
pd_noise,PPO_hard,0.008680555555555554
pd_noise,PPO_penalty,0.010416666666666666
pd_noise,PPO_unconstrained,0.010416666666666666
pd_noise,RiskBased,0.010416666666666666
pd_noise,Static,0.041666666666666664
pd_over,BufferedRiskBased,0.010416666666666666
pd_over,Decrease20,0.010416666666666666
pd_over,Greedy,0.010416666666666666
pd_over,Myopic,0.015625
pd_over,PPO_hard,0.010416666666666666
pd_over,PPO_penalty,0.010416666666666666
pd_over,PPO_unconstrained,0.010416666666666666
pd_over,RiskBased,0.010416666666666666
pd_over,Static,0.041666666666666664
pd_slope,BufferedRiskBased,0.015625
pd_slope,Decrease20,0.010416666666666666
pd_slope,Greedy,0.010416666666666666
pd_slope,Myopic,0.015625
pd_slope,PPO_hard,0.010416666666666666
pd_slope,PPO_penalty,0.010416666666666666
pd_slope,PPO_unconstrained,0.010416666666666666
pd_slope,RiskBased,0.015625
pd_slope,Static,0.041666666666666664
pd_under,BufferedRiskBased,0.010416666666666666
pd_under,Decrease20,0.010416666666666666
pd_under,Greedy,0.015625
pd_under,Myopic,0.020833333333333332
pd_under,PPO_hard,0.008680555555555554
pd_under,PPO_penalty,0.010416666666666666
pd_under,PPO_unconstrained,0.010416666666666666
pd_under,RiskBased,0.010416666666666666
pd_under,Static,0.041666666666666664
portfolio_world_0,BufferedRiskBased,0.04270833333333333
portfolio_world_0,Decrease20,0.014823717948717948
portfolio_world_0,Greedy,0.026041666666666664
portfolio_world_0,Myopic,0.020833333333333332
portfolio_world_0,PPO_hard,0.032371794871794875
portfolio_world_0,PPO_penalty,0.01482371794871795
portfolio_world_0,PPO_unconstrained,0.01482371794871795
portfolio_world_0,RiskBased,0.04270833333333333
portfolio_world_0,Static,0.026041666666666664
portfolio_world_1,BufferedRiskBased,0.04309752747252747
portfolio_world_1,Decrease20,0.04294871794871795
portfolio_world_1,Greedy,0.03645833333333333
portfolio_world_1,Myopic,0.07514880952380952
portfolio_world_1,PPO_hard,0.04662189662189662
portfolio_world_1,PPO_penalty,0.04294871794871794
portfolio_world_1,PPO_unconstrained,0.04294871794871794
portfolio_world_1,RiskBased,0.04309752747252747
portfolio_world_1,Static,0.05729166666666666
portfolio_world_2,BufferedRiskBased,0.028645833333333332
portfolio_world_2,Decrease20,0.03729395604395604
portfolio_world_2,Greedy,0.03645833333333333
portfolio_world_2,Myopic,0.0390625
portfolio_world_2,PPO_hard,0.03351266788766789
portfolio_world_2,PPO_penalty,0.03729395604395604
portfolio_world_2,PPO_unconstrained,0.03729395604395604
portfolio_world_2,RiskBased,0.028645833333333332
portfolio_world_2,Static,0.028645833333333332
size_24,BufferedRiskBased,0.013888888888888888
size_24,Decrease20,0.008680555555555554
size_24,Greedy,0.020833333333333332
size_24,Myopic,0.012152777777777776
size_24,PPO_hard,0.01273148148148148
size_24,PPO_penalty,0.008680555555555556
size_24,PPO_unconstrained,0.008680555555555556
size_24,RiskBased,0.013888888888888888
size_24,Static,0.026041666666666668
size_8,BufferedRiskBased,0.01909722222222222
size_8,Decrease20,0.005208333333333333
size_8,Greedy,0.012152777777777776
size_8,Myopic,0.013888888888888888
size_8,PPO_hard,0.011574074074074073
size_8,PPO_penalty,0.005208333333333333
size_8,PPO_unconstrained,0.005208333333333333
size_8,RiskBased,0.01909722222222222
size_8,Static,0.01736111111111111
stress_loose,BufferedRiskBased,0.028645833333333332
stress_loose,Decrease20,0.006944444444444444
stress_loose,Greedy,0.021701388888888885
stress_loose,Myopic,0.03611111111111111
stress_loose,PPO_hard,0.009799382716049382
stress_loose,PPO_penalty,0.006944444444444444
stress_loose,PPO_unconstrained,0.006944444444444444
stress_loose,RiskBased,0.028645833333333332
stress_loose,Static,0.019965277777777776
stress_medium,BufferedRiskBased,0.01966089466089466
stress_medium,Decrease20,0.018718434343434343
stress_medium,Greedy,0.03670634920634921
stress_medium,Myopic,0.03896697235513025
stress_medium,PPO_hard,0.025275727359060692
stress_medium,PPO_penalty,0.018718434343434343
stress_medium,PPO_unconstrained,0.018718434343434343
stress_medium,RiskBased,0.01966089466089466
stress_medium,Static,0.053225709475709475
stress_tight,BufferedRiskBased,0.0641647126022126
stress_tight,Decrease20,0.03395046108861898
stress_tight,Greedy,0.05885642135642136
stress_tight,Myopic,0.06473749812565602
stress_tight,PPO_hard,0.04585961674777464
stress_tight,PPO_penalty,0.03395046108861898
stress_tight,PPO_unconstrained,0.03395046108861898
stress_tight,RiskBased,0.0641647126022126
stress_tight,Static,0.06074885762385762
