"path","bytes","sha256"
".gitignore","62","7BCA16C8D6EF8AC63CBECCBCC51CC7F6EF2B0194A91D7C45E9EB417DB90A3F54"
"ACTION_COLLAPSE_ROOT_CAUSE_AND_SOLUTIONS.md","6672","6D3B22A2736AC55B9DB213422DB7928A3E2049EF3C5016F3E1274E67FCCF31D1"
"analyze_action_collapse.py","16594","61B8B619C17602C6CEE6518B034FF5826EB073775672512866E9120FE05EB086"
"app.py","6578","DF029F0657D446F82460AF77FDFA1F1E512E9BB0A73F6299C7FCFB604032A3F7"
"QUICK_FIX_HARD_PD_CONSTRAINTS.py","5037","67F42B677A22A70C1FAACA55E4A6FE5ACB62BD769455B3C70CF2785511B6636D"
"README.md","11402","EDA7F94430372C76757841A23E870B8F6ECE7C2BE35FF5EDFD6BD97A288214DE"
"requirements.txt","165","095287C113A78F638F245F8A773FEE3C966F5F79281651FD201E97CDBAD3D1A9"
"retrain_fixed.py","9596","3A2FA8DFC9FCD69098FBCB6F38CADC399A75042244A1C07691AB0C92F3C79A64"
"retrain_optimized_weights.py","10133","3226D8DB9F0973A6CA650D55666026DC0030FF72328E01423ABBCA5B72FBA807"
"train.py","24162","547D30E792098AFCA57B5EAFD90FEABC203CAD55A188350596E7C81F519776FE"
".vscode\settings.json","135","B48BE4A0808834C155006634C1F3E4C32F577CE9E52B30EE608372C4D89850CB"
"artifacts\metrics.json","3696","33D4F9A571B6A323E61B0E55FE6E33B14689FAB3B48180BA63512FB39C913FDF"
"artifacts\ppo_credit_limit_high_ent.zip","986039","BC09BB047D02CED92864047FD4DD3E993D40C68F5C0A30F71CB46A8C1BF0D562"
"artifacts\ppo_credit_limit_with_pd_constraints.zip","986041","41CC5B4A11F228776D6AAD9803DA81111F19C2B4E34B49BF52858ED81D055960"
"artifacts\ppo_credit_limit.zip","986060","A01FE948A4A8B1BE1442E1170875A6198B14965EF3ABD313B17129BB31EAF856"
"artifacts\ppo_optimized_weights.zip","986040","DD9ED57BD068F8C131BCE5243104992518E5F8B42ED650E1CDF572DA8B9A792C"
"artifacts\risk_model.joblib","330216","6E0BA18C8BBF3D78A4CC7B9F9ED1DEFE8695AE267FD8A9193FC8A33CD8B78B19"
"artifacts\sample_clients.csv","234047","634761A7A7C5ED9F7AAEEDFD625EAAE7C2C9399BBDC4BC2D7E429FA44BC6D2FC"
"artifacts\hpo\best_params.json","266","5591D989FE58BE30BBA65247F789E6BE223A798EF4838B9DEC6F3A1AD2610760"
"artifacts\hpo\hpo_trials.csv","1345","CE3A62109C7E7DE1CAC4959561651043FA02A8D6B7A85B45A8DF8A5077560098"
"credit_limit_rl\__init__.py","461","1255A1639985028F91D9E69D6A0A52BAA9F992AAC61C0E484EB15752352A002A"
"credit_limit_rl\config.py","429","433928613B9A08C81285FB80CA8EB113EF3A6B24E357CDBA5F8F01EF6DAACC31"
"credit_limit_rl\data.py","3466","E132C010B284F30CD930596CEFE3649A835A964009A1C756ADC598961425E24E"
"credit_limit_rl\env.py","8891","7C229EF60DCFEF963FF485A70B0BC40194F7C283C0ED556CE4188EA8456655BA"
"credit_limit_rl\evaluation.py","7542","98AC5F122B163CBEE9423000735B3F30B477BCA819B686D069116B52C96970FA"
"credit_limit_rl\hpo.py","6602","C5A0D6D0F0694C6D398FD19E30550935E59E418EEC2D956E27097B20795EEE90"
"credit_limit_rl\risk.py","2602","AC4C2970DFBA3BE097897DA3A0C41F1EA2D726DBB4177BAE1647B660E7B83DFD"
"credit_limit_rl\__pycache__\__init__.cpython-312.pyc","578","CEFD22DABA029E9D51FCB6B9B17BCB49A784C29043F08203B80308D5CD2E64CB"
"credit_limit_rl\__pycache__\config.cpython-312.pyc","1047","57BE9CA28908C12FF101C48F4AD38AEBAE6A83B45FB2842FA349EDF150358189"
"credit_limit_rl\__pycache__\data.cpython-312.pyc","4930","486BE8BBFC608355461E22BD136E95652DE4F8542CFB26299D3A894F8A5A6889"
"credit_limit_rl\__pycache__\env.cpython-312.pyc","11000","90D8BB924AB38AFB52CC6236940CC606AF9DA50EE7F986AD0FD107450E794E1A"
"credit_limit_rl\__pycache__\evaluation.cpython-312.pyc","9290","E45760A1F215CFC909B82E75911ADC516606264CAB4FFF44AAD234F6DC730C4C"
"credit_limit_rl\__pycache__\hpo.cpython-312.pyc","8130","E3ABBC15A1FFC5FDACC6B1CDA28CBC6FA204FAC3A76BB19E30F470D4417B0C88"
"credit_limit_rl\__pycache__\risk.cpython-312.pyc","2864","F89B63ECC77C8E9EC682FDB4DED1714C4C3928F94DB5C491F2D6A9890B8C592B"
"results\optimized_weights_diagnostics.json","364","D7E6F4E8A6D2BC614465BD727A0C10B4D0EC68C3292BB21924580A257BE1EF38"
"results\policy_action_distribution.png","44979","4E4BDE8A482C1B358B5E6A07032AF076B1AD69C993CBB6CA0D9CDA7BABC68BA6"
"results\policy_comparison.png","83729","9A73E98FBA8684AEFFC343817CC75CB77A25179AF3ACA41B9530EE5EDBBFC450"
"results\policy_decisions_high_ent.csv","347960","DD372B8B87D1F877DF8520474F24ACCBA6394307FA25DE46232819D4262BBCA2"
"results\policy_decisions_with_pd_constraints.csv","351520","26922DC647115A121FBB9ADF16AF087C1FC42C79FE67E895AA479597E8A62ABC"
"results\policy_decisions.csv","3480849","D0676573BC58416BC5F4E4314A6FF3C7A7A092D621D85AD666FE409C8B4571BD"
"results\policy_optimized_weights.csv","182300","D500294FEB49F1F3CE5A9686EA248F9D321A151869A18284B8B1FE2EB3C0895F"
"results\ppo_action_distribution.png","38719","85A78E25F0878253586C3CC6EC3F9DD20278BFC3E4DE90ECE294BEEE107A36BF"
"results\ppo_reward_components.png","58079","6EC52AB3CC36A4BB0629A7A1F8A952510390566DD85B4DB0500008E8B4227DA0"
"results\retrain_diagnostics_high_ent.json","770","E65D6C564B71C0825DF0D63E4F9401C14DF2BA273B32CF7640DA9024AE25AECE"
"results\retrain_diagnostics_with_pd_constraints.json","780","DCF35BE13B794495B0D4D8730EEB1D3F52F06A42473D80922C6AB79E9F38F2CB"
"results\risk_feature_importance.csv","417","C68601F83239A4952BB04546388E2E10FA24F6EB3C1BB0516043CEC4AA9001AF"
"results\risk_feature_importance.png","52822","444DF5CF5B488D69A35860C1B4C37EF0BF54FDD7470F4D0E43F15CEFE791BD4B"
"results\risk_precision_recall_curve.png","52360","22CF8007D0E4937FC283F81B402D2A36BA07F53DF40C7661E51DB6D667EA4F51"
"results\risk_roc_curve.png","70575","1268CCECCBB1FF518955A6446A9A9E36158FF436598100827DAB126E145B436E"
"results\risk_validation_predictions.csv","183339","5E9CAF9AF71B344FE66A3A77C274E513E4E977683470DCAC6DD0EEA325F1DA7A"
"results\diagnostics\action_distribution.png","49867","FBB8D5A1FCF802E0179A6620C300869E254F0EDC7E27F09E732FF71EE6E44B49"
"results\diagnostics\baseline_comparison.csv","553","7F813AF56CAA6AC6BA7B3D14BE99738874DC581F2DDC8C36FA044C9FE64E1C89"
"results\diagnostics\logit_variance_vs_risk.png","69758","956DF19A3D351BFCE0D06F80746E1F2F78C8275D7286F3462D87D146413E654C"
"results\diagnostics\logits_by_risk_segment.png","106811","B3031BFB0D82348C2C413C56EA8390269565C060E4657429FA136434E90BE050"
"results\diagnostics\portfolio_analysis.csv","184374","5BF0092717B7DF17D299CC5617241DB2CEE86E5AC3FD9DD7B5C4F1A1BEEA6D09"
"results\diagnostics\reward_components_by_action.png","64442","620D5975C38255DA2FA8C074A0F4EAB59143759F18C3A38CE433E70DA1F58B6D"
"results\diagnostics\reward_distribution.png","47318","C2072EBE356774A983722C66A5C811657572BEF7A42FB091060123397E94D6C3"
"__pycache__\train.cpython-312.pyc","30558","8BE579D476CC536DBB0EF6E20E316F860EE2E27AD62045673D58B75F24E188C2"
