policy,reference,scenario,metric,difference,lower,upper,fraction_customers_positive,information_set
AlwaysDecrease20,Static,baseline,cumulative_reward,3225.122071348,2853.6890136405127,3680.5310213825346,0.82,OBSERVABLE_ONLY
AlwaysDecrease20,Static,baseline,net_economic_value,599.9119454602276,403.9407328524644,802.5435175348488,0.6233333333333333,OBSERVABLE_ONLY
AlwaysDecrease20,Static,baseline,credit_loss,-1131.368009807078,-1320.5128758908818,-946.2123869768842,0.11,OBSERVABLE_ONLY
AlwaysDecrease20,Static,baseline,defaulted,0.07333333333333333,0.03666666666666667,0.11333333333333333,0.09666666666666666,OBSERVABLE_ONLY
MyopicEconomic,Static,baseline,cumulative_reward,68.86503095589234,-224.75735280517335,431.79439309953443,0.6633333333333333,OBSERVABLE_ONLY
MyopicEconomic,Static,baseline,net_economic_value,94.09449049916901,-74.30677886545888,257.6048904143028,0.38666666666666666,OBSERVABLE_ONLY
MyopicEconomic,Static,baseline,credit_loss,-45.957945455300575,-206.92201084780257,97.67830144030312,0.2833333333333333,OBSERVABLE_ONLY
MyopicEconomic,Static,baseline,defaulted,-0.07,-0.10508333333333333,-0.038250000000000076,0.01,OBSERVABLE_ONLY
PDThreshold,Static,baseline,cumulative_reward,1582.563314304425,1329.6156463867658,1887.0540951530302,0.8166666666666667,OBSERVABLE_ONLY
PDThreshold,Static,baseline,net_economic_value,498.86639931202654,370.77340894638655,631.2017059438617,0.6233333333333333,OBSERVABLE_ONLY
PDThreshold,Static,baseline,credit_loss,-622.953783253226,-750.4353856828208,-493.87385815464734,0.02666666666666667,OBSERVABLE_ONLY
PDThreshold,Static,baseline,defaulted,-0.01,-0.03333333333333333,0.016666666666666666,0.016666666666666666,OBSERVABLE_ONLY
PPO,Static,baseline,cumulative_reward,3225.122071348,2821.1540500563615,3706.4898229613214,0.82,OBSERVABLE_ONLY
PPO,Static,baseline,net_economic_value,599.9119454602275,393.4355018868862,796.3465744348823,0.6233333333333333,OBSERVABLE_ONLY
PPO,Static,baseline,credit_loss,-1131.3680098070781,-1301.2710900599288,-955.3820283976253,0.11,OBSERVABLE_ONLY
PPO,Static,baseline,defaulted,0.07333333333333333,0.03666666666666667,0.11508333333333326,0.09666666666666666,OBSERVABLE_ONLY
AlwaysDecrease20,MyopicEconomic,baseline,cumulative_reward,3156.2570403921077,2686.6493223079624,3622.2784075158443,0.7566666666666667,OBSERVABLE_ONLY
AlwaysDecrease20,MyopicEconomic,baseline,net_economic_value,505.8174549610585,273.49407249950264,696.2303481870908,0.5133333333333333,OBSERVABLE_ONLY
AlwaysDecrease20,MyopicEconomic,baseline,credit_loss,-1085.4100643517775,-1260.9911332409843,-865.9808967701177,0.16333333333333333,OBSERVABLE_ONLY
AlwaysDecrease20,MyopicEconomic,baseline,defaulted,0.14333333333333334,0.10666666666666667,0.19,0.15,OBSERVABLE_ONLY
PDThreshold,MyopicEconomic,baseline,cumulative_reward,1513.6982833485329,1143.0851047608548,1865.694796087718,0.5466666666666666,OBSERVABLE_ONLY
PDThreshold,MyopicEconomic,baseline,net_economic_value,404.77190881285753,227.40223901138518,578.8997360851356,0.6933333333333334,OBSERVABLE_ONLY
PDThreshold,MyopicEconomic,baseline,credit_loss,-576.9958377979256,-742.8161534548814,-397.8802528812993,0.19333333333333333,OBSERVABLE_ONLY
PDThreshold,MyopicEconomic,baseline,defaulted,0.06,0.03,0.09333333333333334,0.07333333333333333,OBSERVABLE_ONLY
PPO,MyopicEconomic,baseline,cumulative_reward,3156.2570403921077,2653.9047369455297,3670.036663556588,0.7566666666666667,OBSERVABLE_ONLY
PPO,MyopicEconomic,baseline,net_economic_value,505.8174549610585,282.9394615593919,706.3964097912798,0.5133333333333333,OBSERVABLE_ONLY
PPO,MyopicEconomic,baseline,credit_loss,-1085.4100643517775,-1283.8590949577706,-880.0170150238022,0.16333333333333333,OBSERVABLE_ONLY
PPO,MyopicEconomic,baseline,defaulted,0.14333333333333334,0.10491666666666667,0.19333333333333333,0.15,OBSERVABLE_ONLY
Static,MyopicEconomic,baseline,cumulative_reward,-68.86503095589234,-431.79439309953506,224.75735280517335,0.33666666666666667,OBSERVABLE_ONLY
Static,MyopicEconomic,baseline,net_economic_value,-94.09449049916901,-257.60489041430293,74.30677886545872,0.6133333333333333,OBSERVABLE_ONLY
Static,MyopicEconomic,baseline,credit_loss,45.957945455300575,-97.67830144030312,206.92201084780245,0.36666666666666664,OBSERVABLE_ONLY
Static,MyopicEconomic,baseline,defaulted,0.07,0.03825,0.10508333333333326,0.08,OBSERVABLE_ONLY
AlwaysDecrease20,Static,severe_stress,cumulative_reward,2747.200162887738,2492.1265925443467,3026.403509340524,0.9533333333333334,OBSERVABLE_ONLY
AlwaysDecrease20,Static,severe_stress,net_economic_value,1213.3859187176315,1087.7290455783022,1346.0577373488193,0.89,OBSERVABLE_ONLY
AlwaysDecrease20,Static,severe_stress,credit_loss,-1408.2836604620588,-1560.264678173506,-1281.2107277365162,0.056666666666666664,OBSERVABLE_ONLY
AlwaysDecrease20,Static,severe_stress,defaulted,0.04,0.02,0.06508333333333326,0.04,OBSERVABLE_ONLY
MyopicEconomic,Static,severe_stress,cumulative_reward,-265.0933184316048,-460.43673328035135,-31.713416649717338,0.5433333333333333,OBSERVABLE_ONLY
MyopicEconomic,Static,severe_stress,net_economic_value,63.66568508694768,-31.06730637762609,191.80620008191661,0.49,OBSERVABLE_ONLY
MyopicEconomic,Static,severe_stress,credit_loss,-13.663353527984937,-142.62664896572497,78.46746341068966,0.44666666666666666,OBSERVABLE_ONLY
MyopicEconomic,Static,severe_stress,defaulted,-0.04,-0.06508333333333334,-0.02,0.0,OBSERVABLE_ONLY
PDThreshold,Static,severe_stress,cumulative_reward,1044.8273122942844,897.2448737566225,1182.0239536716026,0.87,OBSERVABLE_ONLY
PDThreshold,Static,severe_stress,net_economic_value,541.1665668979629,463.86362747312626,609.8207157991131,0.82,OBSERVABLE_ONLY
PDThreshold,Static,severe_stress,credit_loss,-589.7741110798332,-664.6667695983223,-506.1986485513673,0.05,OBSERVABLE_ONLY
PDThreshold,Static,severe_stress,defaulted,0.0033333333333333335,0.0,0.013333333333333334,0.0033333333333333335,OBSERVABLE_ONLY
PPO,Static,severe_stress,cumulative_reward,2747.200162887738,2505.704142672568,3018.579666673994,0.9533333333333334,OBSERVABLE_ONLY
PPO,Static,severe_stress,net_economic_value,1213.3859187176317,1106.9396621742205,1331.3993223291163,0.89,OBSERVABLE_ONLY
PPO,Static,severe_stress,credit_loss,-1408.2836604620588,-1537.3490661309347,-1288.9531471255004,0.056666666666666664,OBSERVABLE_ONLY
PPO,Static,severe_stress,defaulted,0.04,0.02,0.06,0.04,OBSERVABLE_ONLY
AlwaysDecrease20,MyopicEconomic,severe_stress,cumulative_reward,3012.293481319342,2652.0919646364537,3364.4947262248374,0.9066666666666666,OBSERVABLE_ONLY
AlwaysDecrease20,MyopicEconomic,severe_stress,net_economic_value,1149.7202336306839,999.1840108885699,1304.3498813658389,0.8066666666666666,OBSERVABLE_ONLY
AlwaysDecrease20,MyopicEconomic,severe_stress,credit_loss,-1394.620306934074,-1544.0359471015304,-1229.2456495752988,0.10333333333333333,OBSERVABLE_ONLY
AlwaysDecrease20,MyopicEconomic,severe_stress,defaulted,0.08,0.05,0.11333333333333333,0.08,OBSERVABLE_ONLY
PDThreshold,MyopicEconomic,severe_stress,cumulative_reward,1309.9206307258892,1046.306215782775,1557.3435639227446,0.6966666666666667,OBSERVABLE_ONLY
PDThreshold,MyopicEconomic,severe_stress,net_economic_value,477.50088181101523,347.6446426933469,573.0751281803826,0.73,OBSERVABLE_ONLY
PDThreshold,MyopicEconomic,severe_stress,credit_loss,-576.1107575518482,-676.7789163667935,-441.6139538121983,0.23,OBSERVABLE_ONLY
PDThreshold,MyopicEconomic,severe_stress,defaulted,0.043333333333333335,0.023333333333333334,0.07,0.043333333333333335,OBSERVABLE_ONLY
PPO,MyopicEconomic,severe_stress,cumulative_reward,3012.2934813193424,2686.070498541656,3330.624381770504,0.9066666666666666,OBSERVABLE_ONLY
PPO,MyopicEconomic,severe_stress,net_economic_value,1149.7202336306839,994.1729015240959,1294.8207565029616,0.8066666666666666,OBSERVABLE_ONLY
PPO,MyopicEconomic,severe_stress,credit_loss,-1394.620306934074,-1543.395538623094,-1224.009484287928,0.10333333333333333,OBSERVABLE_ONLY
PPO,MyopicEconomic,severe_stress,defaulted,0.08,0.051583333333333335,0.11174999999999992,0.08,OBSERVABLE_ONLY
Static,MyopicEconomic,severe_stress,cumulative_reward,265.0933184316048,31.71341664971733,460.4367332803511,0.44666666666666666,OBSERVABLE_ONLY
Static,MyopicEconomic,severe_stress,net_economic_value,-63.66568508694768,-191.80620008191667,31.06730637762593,0.5,OBSERVABLE_ONLY
Static,MyopicEconomic,severe_stress,credit_loss,13.663353527984937,-78.46746341068967,142.62664896572483,0.45666666666666667,OBSERVABLE_ONLY
Static,MyopicEconomic,severe_stress,defaulted,0.04,0.02,0.06508333333333326,0.04,OBSERVABLE_ONLY
